status,excel_name,excel_city,excel_region,excel_address,db_name,db_city,db_region,db_address
exact_match,Abiona Centre For Infant And Early Mental Health Early Learning,Toronto,Toronto,"40 Humewood Dr, Toronto, ON, M6C 2W4",Abiona Centre For Infant And Early Mental Health Early Learning,Toronto,Toronto,"40 Humewood Dr, Toronto, ON, M6C 2W4"
exact_match,Abiona Centre For Infant And Early Mental Health Early Learning,East York,Toronto,"1102 Broadview Ave, East York, ON M4K 2S5",Abiona Centre For Infant And Early Mental Health Early Learning,East York,Toronto,"1102 Broadview Ave, East York, ON M4K 2S5"
exact_match,Absorbent Minds (Op1756925 Ontario Inc.),Scarborough,Toronto,"16 Old Kingston Road, Scarborough, Ontario M1E 3J5",Absorbent Minds (Op1756925 Ontario Inc.),Scarborough,Toronto,"16 Old Kingston Road, Scarborough, Ontario M1E 3J5"
exact_match,Absorbent Minds 2,Scarborough,Toronto,"20 Old Kingston Road, Scarborough, ON M1E 3J5",Absorbent Minds 2,Scarborough,Toronto,"20 Old Kingston Road, Scarborough, ON M1E 3J5"
exact_match,After Four Children's Enrichment Program,Scarborough,Toronto,"10 Japonica Rd, Scarborough, ON M1R 4R7",After Four Children's Enrichment Program,Scarborough,Toronto,"10 Japonica Rd, Scarborough, ON M1R 4R7"
exact_match,Albion Heights School Age YMCA,Etobicoke,Toronto,"45 Lynmont Road, Etobicoke, ON M9V 3W9",Albion Heights School Age YMCA,Etobicoke,Toronto,"45 Lynmont Road, Etobicoke, ON M9V 3W9"
exact_match,Alderwood Action After School,Toronto,Toronto,"544 Horner Ave, Toronto, ON M8W 2C2",Alderwood Action After School,Toronto,Toronto,"544 Horner Ave, Toronto, ON M8W 2C2"
exact_match,Alexander Muir Gladstone Jr YMCA,Toronto,Toronto,"108 Gladstone Ave, Toronto, ON M6J 3L2",Alexander Muir Gladstone Jr YMCA,Toronto,Toronto,"108 Gladstone Ave, Toronto, ON M6J 3L2"
exact_match,All About Kids Inc. (1055 Gerrard Street East),Toronto,Toronto,"1055 Gerrard St E, Toronto, ON M4M 1Z7",All About Kids Inc. (1055 Gerrard Street East),Toronto,Toronto,"1055 Gerrard St E, Toronto, ON M4M 1Z7"
exact_match,Allenby Day Care,Toronto,Toronto,"391 St Clements Ave, Toronto, ON M5N 1M1",Allenby Day Care,Toronto,Toronto,"391 St Clements Ave, Toronto, ON M5N 1M1"
exact_match,Alphabet Academy,Toronto,Toronto,"111 Manor Rd E, Toronto, ON M4S 1R4",Alphabet Academy,Toronto,Toronto,"111 Manor Rd E, Toronto, ON M4S 1R4"
exact_match,Alphabet Station,Toronto,Toronto,"2206 Queen St E, Toronto, ON M4E 1E7",Alphabet Station,Toronto,Toronto,"2206 Queen St E, Toronto, ON M4E 1E7"
exact_match,Alphabet Treehouse Childcare Centre,Toronto,Toronto,"1780 Avenue Rd, Toronto, ON M5M 3Y9",Alphabet Treehouse Childcare Centre,Toronto,Toronto,"1780 Avenue Rd, Toronto, ON M5M 3Y9"
exact_match,Alvin Curling YMCA,Scarborough,Toronto,"50 Upper Rouge Trail, Scarborough, ON M1B6K4",Alvin Curling YMCA,Scarborough,Toronto,"50 Upper Rouge Trail, Scarborough, ON M1B6K4"
exact_match,Angus Valley Montessori,North York,Toronto,"4841 Yonge St, North York, ON M2N 5X2",Angus Valley Montessori,North York,Toronto,"4841 Yonge St, North York, ON M2N 5X2"
exact_match,Annunciation Catholic School Before & After Child Care Program,North York,Toronto,"65 Avonwick Gate, North York, ON M3A 2M8",Annunciation Catholic School Before & After Child Care Program,North York,Toronto,"65 Avonwick Gate, North York, ON M3A 2M8"
exact_match,A Place To Play Nursery School Of Bloor West Village,Toronto,Toronto,"680 Annette St, Toronto, ON M6S 2C8",A Place To Play Nursery School Of Bloor West Village,Toronto,Toronto,"680 Annette St, Toronto, ON M6S 2C8"
exact_match,Apple Jacks Preschool,Toronto,Toronto,"19 Benlamond Ave, Toronto, ON M4E 1Y8",Apple Jacks Preschool,Toronto,Toronto,"19 Benlamond Ave, Toronto, ON M4E 1Y8"
exact_match,Ascot Avenue Community Daycare,Toronto,Toronto,"991 St Clair Ave W, Toronto, ON M6E 1A3",Ascot Avenue Community Daycare,Toronto,Toronto,"991 St Clair Ave W, Toronto, ON M6E 1A3"
exact_match,Ascot Avenue Community Day Care,Toronto,Toronto,"95 Regal Rd, Toronto, ON M6H 2J6",Ascot Avenue Community Day Care,Toronto,Toronto,"95 Regal Rd, Toronto, ON M6H 2J6"
exact_match,Aspiring Academics Preschool Inc.,Toronto,Toronto,"262 Woodfield Rd., Toronto, ON M4L 2W7",Aspiring Academics Preschool Inc.,Toronto,Toronto,"262 Woodfield Rd., Toronto, ON M4L 2W7"
partial_match,Aspiring Academics Preschool - Kingston,Scarborough¬†Southwest,Toronto,"2372 Kingston Road, Toronto, ON M1N 1V2",Aspiring Academics Preschool - Kingston,Scarborough Southwest,Toronto,"2372 Kingston Road, Toronto, ON M1N 1V2"
exact_match,Aspiring Academics Preschool - Somerset,Davenport,Toronto,"56 Somerset Avenue, Toronto, ON M6H 2R4",Aspiring Academics Preschool - Somerset,Davenport,Toronto,"56 Somerset Avenue, Toronto, ON M6H 2R4"
exact_match,Atelier Childcare Inc.,Toronto,Toronto,"15 Oakmount Rd, Toronto, ON M6P 2M3",Atelier Childcare Inc.,Toronto,Toronto,"15 Oakmount Rd, Toronto, ON M6P 2M3"
exact_match,Atelier Kids Inc.,Toronto,Toronto,"34 Madison Ave, Toronto M5R 2S1",Atelier Kids Inc.,Toronto,Toronto,"34 Madison Ave, Toronto M5R 2S1"
exact_match,Avalon Children's Montessori School,Toronto,Toronto,"31 Wood Glen Road, Toronto, ON M1N 2V8",Avalon Children's Montessori School,Toronto,Toronto,"31 Wood Glen Road, Toronto, ON M1N 2V8"
exact_match,"Avondale Public School, Extended Day Program",North York,Toronto,"171 Avondale Ave, North York, ON M2N 2V4","Avondale Public School, Extended Day Program",North York,Toronto,"171 Avondale Ave, North York, ON M2N 2V4"
exact_match,B.F. Toronto Centre For Early Childhood Education,Etobicoke,Toronto,"45 Golfdown Dr, Etobicoke, ON M9W 2H8",B.F. Toronto Centre For Early Childhood Education,Etobicoke,Toronto,"45 Golfdown Dr, Etobicoke, ON M9W 2H8"
exact_match,Bais Yaakov Elementary School,North York,Toronto,"15 Saranac Blvd, North York, ON M6A 2G4",Bais Yaakov Elementary School,North York,Toronto,"15 Saranac Blvd, North York, ON M6A 2G4"
exact_match,Balmy Beach Community Day Care Centre,Toronto,Toronto,"14 Pine Ave, Toronto, ON M4E 1L6",Balmy Beach Community Day Care Centre,Toronto,Toronto,"14 Pine Ave, Toronto, ON M4E 1L6"
exact_match,Bayview Glen,North York,Toronto,"275 Duncan Mill Rd, North York, ON M3B 3H9",Bayview Glen,North York,Toronto,"275 Duncan Mill Rd, North York, ON M3B 3H9"
exact_match,Beaches Montessori School Incorporated,Toronto,Toronto,"950 Kingston Rd, Toronto, ON M4E 1S8",Beaches Montessori School Incorporated,Toronto,Toronto,"950 Kingston Rd, Toronto, ON M4E 1S8"
exact_match,Beaches Montessori School South,Toronto,Toronto,"995 Kingston Rd, Toronto, ON M4E 1S5",Beaches Montessori School South,Toronto,Toronto,"995 Kingston Rd, Toronto, ON M4E 1S5"
exact_match,Beatty Buddies Daycare,Toronto,Toronto,"55 Woodington Ave, Toronto, ON M4C 3J6",Beatty Buddies Daycare,Toronto,Toronto,"55 Woodington Ave, Toronto, ON M4C 3J6"
exact_match,Bennington Heights Child Care Centre,East York,Toronto,"76 Bennington Heights Dr, East York, ON M4G 2Y7",Bennington Heights Child Care Centre,East York,Toronto,"76 Bennington Heights Dr, East York, ON M4G 2Y7"
exact_match,Beth Sholom First Foundations Community Preschool,Toronto,Toronto,"Beth Sholom Synagogue, 1445 Eglinton Ave W, Toronto, ON M6C 2E6",Beth Sholom First Foundations Community Preschool,Toronto,Toronto,"Beth Sholom Synagogue, 1445 Eglinton Ave W, Toronto, ON M6C 2E6"
exact_match,Beverly Glen YMCA,Scarborough,Toronto,"85 Beverly Glen Blvd, Scarborough, ON M1W 1W4",Beverly Glen YMCA,Scarborough,Toronto,"85 Beverly Glen Blvd, Scarborough, ON M1W 1W4"
exact_match,Big Dreams Early Learning Centre,Scarborough,Toronto,"1703 Victoria Park Ave, Scarborough, ON M1R 1R9",Big Dreams Early Learning Centre,Scarborough,Toronto,"1703 Victoria Park Ave, Scarborough, ON M1R 1R9"
exact_match,"Birch Cliff Public School, Extended Day Program",Scarborough,Toronto,"1650 Kingston Rd, Scarborough, ON M1N 1S2","Birch Cliff Public School, Extended Day Program",Scarborough,Toronto,"1650 Kingston Rd, Scarborough, ON M1N 1S2"
exact_match,Birchmount Bluffs Neighbourhood Centre Community Nursery School,Scarborough,Toronto,"93 Birchmount Rd, Scarborough, ON M1N 3J7, Canada",Birchmount Bluffs Neighbourhood Centre Community Nursery School,Scarborough,Toronto,"93 Birchmount Rd, Scarborough, ON M1N 3J7, Canada"
exact_match,Blaydon Community Day Care Centre,North York,Toronto,"25 Blaydon Ave, North York, ON M3M 2C9",Blaydon Community Day Care Centre,North York,Toronto,"25 Blaydon Ave, North York, ON M3M 2C9"
exact_match,Blessed Pier Giorgio Frassati Extended Day Program,Scarborough,Toronto,"8 Seasons Dr, Scarborough, ON M1X 1X4",Blessed Pier Giorgio Frassati Extended Day Program,Scarborough,Toronto,"8 Seasons Dr, Scarborough, ON M1X 1X4"
exact_match,Bloomsbury Academy,Toronto,Toronto,"29 Dalhousie St, Toronto, ON M5B 2R1",Bloomsbury Academy,Toronto,Toronto,"29 Dalhousie St, Toronto, ON M5B 2R1"
exact_match,Blossoming Minds Learning Centre Inc.,Toronto,Toronto,"1530 Danforth Ave, Toronto, ON M4J 1N4",Blossoming Minds Learning Centre Inc.,Toronto,Toronto,"1530 Danforth Ave, Toronto, ON M4J 1N4"
exact_match,Blue Bell Academy - Upper Beaches,Toronto,Toronto,"2191 Gerrard St E, Toronto, ON M4E 2C6",Blue Bell Academy - Upper Beaches,Toronto,Toronto,"2191 Gerrard St E, Toronto, ON M4E 2C6"
exact_match,Blue Bell Academy - Leslieville,Toronto,Toronto,1415 Gerrard St E,Blue Bell Academy - Leslieville,Toronto,Toronto,1415 Gerrard St E
exact_match,Blue Bell Academy Inc.,Toronto,Toronto,"2191 Gerrard St E, Toronto, ON M4E 2C6, Canada",Blue Bell Academy Inc.,Toronto,Toronto,"2191 Gerrard St E, Toronto, ON M4E 2C6, Canada"
exact_match,Blue Wave Child Care Centre,North York,Toronto,"50 Duncairn Rd, North York, ON M3B 1C8",Blue Wave Child Care Centre,North York,Toronto,"50 Duncairn Rd, North York, ON M3B 1C8"
exact_match,Bluffer's Park Montessori School,Scarborough,Toronto,"2857 Kingston Rd, Scarborough, ON M1M 1N3",Bluffer's Park Montessori School,Scarborough,Toronto,"2857 Kingston Rd, Scarborough, ON M1M 1N3"
exact_match,Boardwalk Montessori School Inc.,Toronto,Toronto,"1975 Queen Street East, Waverley Rd, Toronto, ON M4L 3T2",Boardwalk Montessori School Inc.,Toronto,Toronto,"1975 Queen Street East, Waverley Rd, Toronto, ON M4L 3T2"
exact_match,"Bowmore Road Junior And Senior Public School, Extended Day Program",Toronto,Toronto,"80 Bowmore Rd, Toronto, ON, M4L3J2","Bowmore Road Junior And Senior Public School, Extended Day Program",Toronto,Toronto,"80 Bowmore Rd, Toronto, ON, M4L3J2"
exact_match,Brian Drive School Age Program (YMCA),North York,Toronto,"95 Brian Drive, North York, ON M2J 3Y6",Brian Drive School Age Program (YMCA),North York,Toronto,"95 Brian Drive, North York, ON M2J 3Y6"
exact_match,Bridlegrove Daycare Centre,Scarborough,Toronto,"2575 Pharmacy Avenue, Scarborough, Ontario M1W 2K2",Bridlegrove Daycare Centre,Scarborough,Toronto,"2575 Pharmacy Avenue, Scarborough, Ontario M1W 2K2"
exact_match,Bridlewood Jr YMCA,Scarborough,Toronto,"60 Bridlewood Boulevard, Scarborough, ON M1T 1P7",Bridlewood Jr YMCA,Scarborough,Toronto,"60 Bridlewood Boulevard, Scarborough, ON M1T 1P7"
exact_match,Brimwood School Age YMCA,Scarborough,Toronto,"151 Brimwood Blvd, Scarborough, ON M1V 1C5",Brimwood School Age YMCA,Scarborough,Toronto,"151 Brimwood Blvd, Scarborough, ON M1V 1C5"
exact_match,Broadlands School Age Program YMCA,North York,Toronto,"106 Broadlands Avenue, North York, ON M3A 1J7",Broadlands School Age Program YMCA,North York,Toronto,"106 Broadlands Avenue, North York, ON M3A 1J7"
exact_match,Brock Early Learning Centre,Toronto,Toronto,"93 Margueretta St, Toronto, ON M6H 1B9",Brock Early Learning Centre,Toronto,Toronto,"93 Margueretta St, Toronto, ON M6H 1B9"
exact_match,"Brookmill Boulevard Junior Public School, Extended Day Program",Scarborough,Toronto,"25 Brookmill Blvd, Scarborough, ON M1W 2L5","Brookmill Boulevard Junior Public School, Extended Day Program",Scarborough,Toronto,"25 Brookmill Blvd, Scarborough, ON M1W 2L5"
exact_match,Brookside Child Care Centre,Scarborough,Toronto,"75 Oasis Blvd, Scarborough, ON M1X 0A3",Brookside Child Care Centre,Scarborough,Toronto,"75 Oasis Blvd, Scarborough, ON M1X 0A3"
exact_match,Buchanan Extended Day & School Age Program,Scarborough,Toronto,"4 Bucannan Road, Scarborough, ON M1R 3V3",Buchanan Extended Day & School Age Program,Scarborough,Toronto,"4 Bucannan Road, Scarborough, ON M1R 3V3"
exact_match,Buds And Blossoms,Toronto,Toronto,"517 Parliament St, Toronto, ON M4X 1P3",Buds And Blossoms,Toronto,Toronto,"517 Parliament St, Toronto, ON M4X 1P3"
exact_match,Bumble Bee Garden Child Care Ltd.,Toronto,Toronto,"1275 Dundas St W, Toronto, ON M6J 1X7",Bumble Bee Garden Child Care Ltd.,Toronto,Toronto,"1275 Dundas St W, Toronto, ON M6J 1X7"
exact_match,C.D.Farquharson Jr YMCA,Scarborough,Toronto,"1965 Brimley Road, Scarborough, ON M1S 2B1",C.D.Farquharson Jr YMCA,Scarborough,Toronto,"1965 Brimley Road, Scarborough, ON M1S 2B1"
exact_match,Calico Saints Child Care Centre,North York,Toronto,"35 Calico Dr, North York, ON M3L 1V5",Calico Saints Child Care Centre,North York,Toronto,"35 Calico Dr, North York, ON M3L 1V5"
exact_match,Cambridge Place Centre For Early Learning,Scarborough,Toronto,"30 Denton Ave, Scarborough, ON M1L 4P2",Cambridge Place Centre For Early Learning,Scarborough,Toronto,"30 Denton Ave, Scarborough, ON M1L 4P2"
exact_match,Campus Community Co-Operative Day Care,Toronto,Toronto,"370 Huron St, Toronto, ON M5S 2G4",Campus Community Co-Operative Day Care,Toronto,Toronto,"370 Huron St, Toronto, ON M5S 2G4"
exact_match,Candy Factory Swallows Day Care (The),Toronto,Toronto,"1411 Bloor St W, Toronto, ON M6P 3L4",Candy Factory Swallows Day Care (The),Toronto,Toronto,"1411 Bloor St W, Toronto, ON M6P 3L4"
exact_match,Carefree Preschool,Etobicoke,Toronto,"370 Dixon Rd, Etobicoke, ON M9R 1T2",Carefree Preschool,Etobicoke,Toronto,"370 Dixon Rd, Etobicoke, ON M9R 1T2"
exact_match,Castlebar YMCA,Etobicoke,Toronto,"70 Chartwell Road, Etobicoke, ON M8Z 4G6",Castlebar YMCA,Etobicoke,Toronto,"70 Chartwell Road, Etobicoke, ON M8Z 4G6"
exact_match,"Cedarvale Community School, Extended Day Program",York,Toronto,"145 Ava Rd, York, ON, M6C 1W4","Cedarvale Community School, Extended Day Program",York,Toronto,"145 Ava Rd, York, ON, M6C 1W4"
exact_match,Centennial College East York Day Care (Plains Rd),East York,Toronto,"520 Plains Rd, East York, ON M4C 2Z1",Centennial College East York Day Care (Plains Rd),East York,Toronto,"520 Plains Rd, East York, ON M4C 2Z1"
exact_match,Central Montessori School,Thornhill,Toronto,"72 Steeles Ave. West, Thornhill, ON L4J 1A1",Central Montessori School,Thornhill,Toronto,"72 Steeles Ave. West, Thornhill, ON L4J 1A1"
exact_match,Central Montessori Schools - Maplehurst Campus,North York,Toronto,"181 Maplehurst Avenue, North York, ON, M2N 3C1",Central Montessori Schools - Maplehurst Campus,North York,Toronto,"181 Maplehurst Avenue, North York, ON, M2N 3C1"
exact_match,Central Montessori Schools - Willowdale Campus,North York,Toronto,"157 Willowdale Ave., North York, ON M2N 4Y7",Central Montessori Schools - Willowdale Campus,North York,Toronto,"157 Willowdale Ave., North York, ON M2N 4Y7"
exact_match,Central Montessori Schools - York Mills Campus,Toronto,Toronto,"18 Coldwater Rd., Toronto, ON M3B 1Y7",Central Montessori Schools - York Mills Campus,Toronto,Toronto,"18 Coldwater Rd., Toronto, ON M3B 1Y7"
exact_match,Centre De La Petite Enfance - Les Amis Du Monde,Toronto,Toronto,"55 Pelham Ave, Toronto, ON M6N 1A5",Centre De La Petite Enfance - Les Amis Du Monde,Toronto,Toronto,"55 Pelham Ave, Toronto, ON M6N 1A5"
exact_match,Centro Clinton Day Care Centre,Toronto,Toronto,"460 Manning Ave, Toronto, ON M6G 2L7",Centro Clinton Day Care Centre,Toronto,Toronto,"460 Manning Ave, Toronto, ON M6G 2L7"
exact_match,Chabad Lubavitch Of York Mills,North York,Toronto,"2437 Bayview Ave, North York, ON M2L 1A5",Chabad Lubavitch Of York Mills,North York,Toronto,"2437 Bayview Ave, North York, ON M2L 1A5"
exact_match,Chabad Of Midtown,York,Toronto,"544 St Clair Ave W, York, ON M6C 1A5",Chabad Of Midtown,York,Toronto,"544 St Clair Ave W, York, ON M6C 1A5"
exact_match,Chabad Of Midtown - Bathurst,Toronto,Toronto,"1344 Bathurst St, Toronto, ON M5R 3H7",Chabad Of Midtown - Bathurst,Toronto,Toronto,"1344 Bathurst St, Toronto, ON M5R 3H7"
exact_match,Chabad Of Midtown - St Clair,Toronto,Toronto,"544 St Clair Ave W, York, ON M6C 1A5",Chabad Of Midtown - St Clair,Toronto,Toronto,"544 St Clair Ave W, York, ON M6C 1A5"
exact_match,Champions Children's Centre,Toronto,Toronto,"9 Grenoble Dr, Toronto, ON M3C 1C3",Champions Children's Centre,Toronto,Toronto,"9 Grenoble Dr, Toronto, ON M3C 1C3"
exact_match,Chester Jr YMCA,East York,Toronto,"115 Gowan Ave, East York, ON M4K 2E4",Chester Jr YMCA,East York,Toronto,"115 Gowan Ave, East York, ON M4K 2E4"
exact_match,Children's Creative Corner Co-Op Nursery School,Toronto,Toronto,"125 Evelyn Crescent, Toronto, ON M6P 3E3",Children's Creative Corner Co-Op Nursery School,Toronto,Toronto,"125 Evelyn Crescent, Toronto, ON M6P 3E3"
exact_match,Children's Garden Junior School - Early Start,Toronto,Toronto,"670 Eglinton Avenue, Toronto, ON, M4G 2K4",Children's Garden Junior School - Early Start,Toronto,Toronto,"670 Eglinton Avenue, Toronto, ON, M4G 2K4"
exact_match,Children Of Tomorrow - John McCrae,Scarborough,Toronto,"425 McCowan Rd, Scarborough, ON M1J 1J1",Children Of Tomorrow - John McCrae,Scarborough,Toronto,"425 McCowan Rd, Scarborough, ON M1J 1J1"
exact_match,Childspace Day Care Corporation # 1 (50 Woodmount),Toronto,Toronto,"50 Woodmount Ave, Toronto, ON M4C 3X9",Childspace Day Care Corporation # 1 (50 Woodmount),Toronto,Toronto,"50 Woodmount Ave, Toronto, ON M4C 3X9"
exact_match,Church Street School Day Care Service Inc.,Toronto,Toronto,"83 Alexander St, Toronto, ON M4Y 2C3",Church Street School Day Care Service Inc.,Toronto,Toronto,"83 Alexander St, Toronto, ON M4Y 2C3"
exact_match,BrightPath Academy The Beach Child Care Centre,Toronto,Toronto,"1923 Queen Street East, Toronto, ON M4L 1H3",BrightPath Academy The Beach Child Care Centre,Toronto,Toronto,"1923 Queen Street East, Toronto, ON M4L 1H3"
exact_match,Columbus Early Learning Centres - Casa Del Zotto Childcare Centre,North York,Toronto,"3010 Dufferin St, North York, ON M6B 3T5",Columbus Early Learning Centres - Casa Del Zotto Childcare Centre,North York,Toronto,"3010 Dufferin St, North York, ON M6B 3T5"
exact_match,Columbus Early Learning Centres - Regina Mundi,North York,Toronto,"60 Playfair Ave, North York, ON M6B 2P9",Columbus Early Learning Centres - Regina Mundi,North York,Toronto,"60 Playfair Ave, North York, ON M6B 2P9"
exact_match,Columbus Early Learning Centres - St Charles,North York,Toronto,"50 Claver Ave, North York, ON M6B 2W1",Columbus Early Learning Centres - St Charles,North York,Toronto,"50 Claver Ave, North York, ON M6B 2W1"
exact_match,Columbus Early Learning - St Raphael,York Centre,Toronto,"3 Gade Dr, North York, ON M3M 2K2",Columbus Early Learning - St Raphael,York Centre,Toronto,"3 Gade Dr, North York, ON M3M 2K2"
exact_match,Community Centre 55-Adam Beck,Toronto,Toronto,"79 Lawlor Ave, Toronto, ON M4E 3L8",Community Centre 55-Adam Beck,Toronto,Toronto,"79 Lawlor Ave, Toronto, ON M4E 3L8"
exact_match,Community Centre 55 - Children Services (97 Main Street),Toronto,Toronto,"97 Main St #55, Toronto, ON M4E 2V6",Community Centre 55 - Children Services (97 Main Street),Toronto,Toronto,"97 Main St #55, Toronto, ON M4E 2V6"
exact_match,Community Centre 55 - Kimberly Public School,Toronto,Toronto,"50 Swanwick Avenue, Toronto, Ontario M4E 2Z5",Community Centre 55 - Kimberly Public School,Toronto,Toronto,"50 Swanwick Avenue, Toronto, Ontario M4E 2Z5"
exact_match,Community Centre 55 -Ted Reeves Arena,Toronto,Toronto,"175 Main St, Toronto, ON M4E 2W2",Community Centre 55 -Ted Reeves Arena,Toronto,Toronto,"175 Main St, Toronto, ON M4E 2W2"
exact_match,Cottingham Child Care Centre,Toronto,Toronto,"85 Birch Ave, Toronto, ON M4V 1E3",Cottingham Child Care Centre,Toronto,Toronto,"85 Birch Ave, Toronto, ON M4V 1E3"
exact_match,Crestview School Age Program YMCA,North York,Toronto,"101 Seneca Hill Drive, North York, ON M2J 2W3",Crestview School Age Program YMCA,North York,Toronto,"101 Seneca Hill Drive, North York, ON M2J 2W3"
exact_match,Curious Caterpillars - College View,Toronto,Toronto,"28 College View Ave, Toronto, ON M5P 1J4",Curious Caterpillars - College View,Toronto,Toronto,"28 College View Ave, Toronto, ON M5P 1J4"
exact_match,Curious Caterpillars - Petman Avenue,Toronto,Toronto,"87 Petman Ave, Toronto, ON M4S 2S9",Curious Caterpillars - Petman Avenue,Toronto,Toronto,"87 Petman Ave, Toronto, ON M4S 2S9"
exact_match,Curlew Montessori School,North York,Toronto,"81 Curlew Dr, North York, ON M3A 2P8",Curlew Montessori School,North York,Toronto,"81 Curlew Dr, North York, ON M3A 2P8"
exact_match,David Lewis Jr YMCA,Scarborough,Toronto,"130 Fundy Bay Boulevard, Scarborough, ON M1W 3G1",David Lewis Jr YMCA,Scarborough,Toronto,"130 Fundy Bay Boulevard, Scarborough, ON M1W 3G1"
exact_match,Davisville Care Programme Inc.,Toronto,Toronto,"50 Davisville Avenue, Toronto, ON M4S 1E8",Davisville Care Programme Inc.,Toronto,Toronto,"50 Davisville Avenue, Toronto, ON M4S 1E8"
exact_match,Daystrom Childcare Centre,North York,Toronto,"25 Daystrom Dr, North York, ON M9M 2K8",Daystrom Childcare Centre,North York,Toronto,"25 Daystrom Dr, North York, ON M9M 2K8"
exact_match,Dearham Wood Daycare,Scarborough,Toronto,"66 Dearham Wood, Scarborough, ON M1E 1S4",Dearham Wood Daycare,Scarborough,Toronto,"66 Dearham Wood, Scarborough, ON M1E 1S4"
exact_match,Denlow Community Child Care Centre,North York,Toronto,"50 Denlow Blvd, North York, ON M3B 1P7",Denlow Community Child Care Centre,North York,Toronto,"50 Denlow Blvd, North York, ON M3B 1P7"
exact_match,Derrydown School Age YMCA,North York,Toronto,"120 Derrydown Road, North York, ON M3J 1R7",Derrydown School Age YMCA,North York,Toronto,"120 Derrydown Road, North York, ON M3J 1R7"
exact_match,Dewson Street YMCA,Toronto,Toronto,"65 Concord Avenue, Toronto, ON M6H 2N9",Dewson Street YMCA,Toronto,Toronto,"65 Concord Avenue, Toronto, ON M6H 2N9"
exact_match,Discovery Place Child Care Centre Ltd.,Scarborough,Toronto,"22 Tuxedo Ct, Scarborough, ON M1G 3S3",Discovery Place Child Care Centre Ltd.,Scarborough,Toronto,"22 Tuxedo Ct, Scarborough, ON M1G 3S3"
exact_match,Distillery District Early Learning Centre,Toronto,Toronto,"8 Distillery Lane, Toronto, ON M5A 3C4",Distillery District Early Learning Centre,Toronto,Toronto,"8 Distillery Lane, Toronto, ON M5A 3C4"
exact_match,Dover Gardens Nursery School,Toronto,Toronto,"228 Bartlett Ave, Toronto, ON M6H 3G4",Dover Gardens Nursery School,Toronto,Toronto,"228 Bartlett Ave, Toronto, ON M6H 3G4"
exact_match,"Downsview Public School, Extended Day Program",North York,Toronto,"2829 Keele St., North York, ON M3M 2G7","Downsview Public School, Extended Day Program",North York,Toronto,"2829 Keele St., North York, ON M3M 2G7"
exact_match,"Downtown Kids Academy, Inc.",Toronto,Toronto,"905 King St W, Toronto, ON M6K 3G9","Downtown Kids Academy, Inc.",Toronto,Toronto,"905 King St W, Toronto, ON M6K 3G9"
exact_match,Downtown Montessori At Coatsworth (Formerly Ward Nine -Coatsworth),Toronto,Toronto,"11 Coatsworth Crescent, Toronto, ON M4C 5P8",Downtown Montessori At Coatsworth (Formerly Ward Nine -Coatsworth),Toronto,Toronto,"11 Coatsworth Crescent, Toronto, ON M4C 5P8"
exact_match,Downtown Montessori At Infinity Place (Day Care Connection),Toronto,Toronto,"26 Grand Trunk Crescent, Toronto, ON M5J 3A9",Downtown Montessori At Infinity Place (Day Care Connection),Toronto,Toronto,"26 Grand Trunk Crescent, Toronto, ON M5J 3A9"
exact_match,Downtown Montessori At Simcoe Place,Toronto,Toronto,"200 Front St. West, Toronto, ON M5V 3J1",Downtown Montessori At Simcoe Place,Toronto,Toronto,"200 Front St. West, Toronto, ON M5V 3J1"
exact_match,Dr Eric Jackman Institute Of Child Study Laboratory School Nursery,Toronto,Toronto,"45 Walmer Road, Toronto, ON M5R 2X2",Dr Eric Jackman Institute Of Child Study Laboratory School Nursery,Toronto,Toronto,"45 Walmer Road, Toronto, ON M5R 2X2"
exact_match,Dublin Heights Community Child Care,York Centre,Toronto,"100 Bainbridge Ave, North York, ON M3H 2K2",Dublin Heights Community Child Care,York Centre,Toronto,"100 Bainbridge Ave, North York, ON M3H 2K2"
exact_match,Early Years Education System (E.Y.E.S),Toronto,Toronto,"3000 Victoria Park Ave., #095 Daycare Unit, Toronto, ON M2J 4Y2",Early Years Education System (E.Y.E.S),Toronto,Toronto,"3000 Victoria Park Ave., #095 Daycare Unit, Toronto, ON M2J 4Y2"
exact_match,East Scarb. Boys' & Girls' Club - Eastside Child Care Centre,Toronto,Toronto,"20 Waldock Street, Toronto, ON M1E 2E5",East Scarb. Boys' & Girls' Club - Eastside Child Care Centre,Toronto,Toronto,"20 Waldock Street, Toronto, ON M1E 2E5"
exact_match,East Scarb. Child Care Centre - East Scarb. Boys & Girls Club,Toronto,Toronto,"230 Morningside Avenue, Toronto, ON M1E 3E1",East Scarb. Child Care Centre - East Scarb. Boys & Girls Club,Toronto,Toronto,"230 Morningside Avenue, Toronto, ON M1E 3E1"
exact_match,Eastside Club Day Care - 100 Galloway Road,Toronto,Toronto,"100 Galloway Rd, Toronto, ON M1E 1W7",Eastside Club Day Care - 100 Galloway Road,Toronto,Toronto,"100 Galloway Rd, Toronto, ON M1E 1W7"
exact_match,East Toronto Village Children's Centre,Toronto,Toronto,"43 Kimberley Ave, Toronto, ON M4E 2Z4",East Toronto Village Children's Centre,Toronto,Toronto,"43 Kimberley Ave, Toronto, ON M4E 2Z4"
exact_match,Eco Kids-Child Care Centre Inc.,Etobicoke,Toronto,"1315 Kipling Ave, Etobicoke, ON M9B 3N7",Eco Kids-Child Care Centre Inc.,Etobicoke,Toronto,"1315 Kipling Ave, Etobicoke, ON M9B 3N7"
exact_match,Eh To Zed Preschool Canada Early Learning Academy,Toronto,Toronto,"3 Concorde Gate, Toronto, Ontario M3C 3N7",Eh To Zed Preschool Canada Early Learning Academy,Toronto,Toronto,"3 Concorde Gate, Toronto, Ontario M3C 3N7"
exact_match,Eitz Chaim Schools Vm,North York,Toronto,"1 Viewmount Ave, North York, ON M6B 1T2",Eitz Chaim Schools Vm,North York,Toronto,"1 Viewmount Ave, North York, ON M6B 1T2"
exact_match,Elkhorn Junior Y - (YMCA),North York,Toronto,"10 Elkhorn Drive, North York, ON M2K 1J3",Elkhorn Junior Y - (YMCA),North York,Toronto,"10 Elkhorn Drive, North York, ON M2K 1J3"
exact_match,"Ellesmere-Statton Public School, Extended Day Program",Scarborough,Toronto,"739 Ellesmere Rd, Scarborough, ON M1P 2W1","Ellesmere-Statton Public School, Extended Day Program",Scarborough,Toronto,"739 Ellesmere Rd, Scarborough, ON M1P 2W1"
exact_match,Engaging Minds Child Care,North York,Toronto,"29 Gervais Dr #104, North York, ON M3C 1Y9",Engaging Minds Child Care,North York,Toronto,"29 Gervais Dr #104, North York, ON M3C 1Y9"
exact_match,Epiphany Of Our Lord Jr YMCA,Scarborough,Toronto,"3150 Pharmacy Avenue, Scarborough, ON M1W 3J5",Epiphany Of Our Lord Jr YMCA,Scarborough,Toronto,"3150 Pharmacy Avenue, Scarborough, ON M1W 3J5"
exact_match,Eyes Abacus Child Care,Scarborough,Toronto,"20 Chichester Pl, Scarborough, ON M1T 1G6",Eyes Abacus Child Care,Scarborough,Toronto,"20 Chichester Pl, Scarborough, ON M1T 1G6"
exact_match,Family Day Kennedy Extended Day & School Age Program,Scarborough,Toronto,"20 Elmfield Crescent Scarborough, ON Canada M1V 2Y6",Family Day Kennedy Extended Day & School Age Program,Scarborough,Toronto,"20 Elmfield Crescent Scarborough, ON Canada M1V 2Y6"
exact_match,Family Day Kingslake Before And After School Program,North York,Toronto,"90 Kingslake Road, North York, ON M2J 3E8",Family Day Kingslake Before And After School Program,North York,Toronto,"90 Kingslake Road, North York, ON M2J 3E8"
exact_match,Family Day Muirhead Extended Day And School Age Program,North York,Toronto,"25 Muirhead Road, North York, Ontario M2J 3W3",Family Day Muirhead Extended Day And School Age Program,North York,Toronto,"25 Muirhead Road, North York, Ontario M2J 3W3"
exact_match,Family Day North Agincourt Before And After School Program,Scarborough,Toronto,"60 Moran Road, Scarborough, ON M1S 2J3",Family Day North Agincourt Before And After School Program,Scarborough,Toronto,"60 Moran Road, Scarborough, ON M1S 2J3"
exact_match,Family Day Sacred Heart Toronto Before And After School Program,Scarborough,Toronto,"75 Hupfield Trail, Scarborough, ON M1B 4S3",Family Day Sacred Heart Toronto Before And After School Program,Scarborough,Toronto,"75 Hupfield Trail, Scarborough, ON M1B 4S3"
exact_match,Family Day St Barnabas Child Care Centre,Scarborough,Toronto,"30 Washburn Way Scarborough, ON M1B 1H3",Family Day St Barnabas Child Care Centre,Scarborough,Toronto,"30 Washburn Way Scarborough, ON M1B 1H3"
exact_match,Family Day Thomas L Wells Extended Day And School Age Program,Scarborough,Toronto,"69 Nightstar Road, Scarborough, Ontario M1X 1V6",Family Day Thomas L Wells Extended Day And School Age Program,Scarborough,Toronto,"69 Nightstar Road, Scarborough, Ontario M1X 1V6"
exact_match,Fantasia Child Care Center (2724826 Ontario Inc),North York,Toronto,"678 Sheppard Ave W, North York, ON M3H 2S5",Fantasia Child Care Center (2724826 Ontario Inc),North York,Toronto,"678 Sheppard Ave W, North York, ON M3H 2S5"
exact_match,Faywood Boulevard Child Care Centre,North York,Toronto,"95 Faywood Blvd, North York, ON M3H 2X5",Faywood Boulevard Child Care Centre,North York,Toronto,"95 Faywood Blvd, North York, ON M3H 2X5"
exact_match,Fenside Drive Children's Centre,North York,Toronto,"131 Fenside Dr, North York, ON M3A 2V9",Fenside Drive Children's Centre,North York,Toronto,"131 Fenside Dr, North York, ON M3A 2V9"
exact_match,Ferncliff Daycare And After School Group,Toronto,Toronto,"128 Fern Ave, Toronto, ON M6R 1K3",Ferncliff Daycare And After School Group,Toronto,Toronto,"128 Fern Ave, Toronto, ON M6R 1K3"
exact_match,Fleming Junior YMCA,Scarborough,Toronto,"22 Littles Road, Scarborough, ON M1B 5B5",Fleming Junior YMCA,Scarborough,Toronto,"22 Littles Road, Scarborough, ON M1B 5B5"
exact_match,Forest Manor YMCA,North York,Toronto,"25 Forest Manor Rd., North York, ON M2J 1M4",Forest Manor YMCA,North York,Toronto,"25 Forest Manor Rd., North York, ON M2J 1M4"
exact_match,Friends Day Care Centre,Toronto,Toronto,"60 Lowther Ave, Toronto, ON M5R 2K2",Friends Day Care Centre,Toronto,Toronto,"60 Lowther Ave, Toronto, ON M5R 2K2"
exact_match,Galloway Early Learning & Child Care Centre,Scarborough,Toronto,"4299 Kingston Rd, Scarborough, ON M1E 2M9",Galloway Early Learning & Child Care Centre,Scarborough,Toronto,"4299 Kingston Rd, Scarborough, ON M1E 2M9"
exact_match,Gan Chabad Preschool,North York,Toronto,"147 Overbrook Pl, North York, ON M3H 4R1",Gan Chabad Preschool,North York,Toronto,"147 Overbrook Pl, North York, ON M3H 4R1"
exact_match,Gan Shalom Preschool (OpChabad On The Avenue),Toronto,Toronto,"157 Falkirk St, Toronto, ON M5M 4K4",Gan Shalom Preschool (OpChabad On The Avenue),Toronto,Toronto,"157 Falkirk St, Toronto, ON M5M 4K4"
exact_match,Garderie Chez Tante Laure,Scarborough,Toronto,"339 Alton Towers Cir, Scarborough, ON M1V 4L3",Garderie Chez Tante Laure,Scarborough,Toronto,"339 Alton Towers Cir, Scarborough, ON M1V 4L3"
exact_match,Garderie La Farandole Felix-Leclerc,Toronto,Toronto,"50 Celestine Dr. Toronto, ON M9R 3N3",Garderie La Farandole Felix-Leclerc,Toronto,Toronto,"50 Celestine Dr. Toronto, ON M9R 3N3"
exact_match,Garderie La Farandole Gabrielle Roy,Toronto,Toronto,"14 Pembroke street, Toronto, ON M5A 2N7",Garderie La Farandole Gabrielle Roy,Toronto,Toronto,"14 Pembroke street, Toronto, ON M5A 2N7"
exact_match,Garderie La Farandole - Pierre Elliott Trudeau,Toronto,Toronto,"77 Grace Street ,Toronto, ON M6J 2S4",Garderie La Farandole - Pierre Elliott Trudeau,Toronto,Toronto,"77 Grace Street ,Toronto, ON M6J 2S4"
exact_match,Garderie Mon Petit Jardin,Scarborough,Toronto,"500 Sandhurst Cir, Scarborough, ON M1S 3P2",Garderie Mon Petit Jardin,Scarborough,Toronto,"500 Sandhurst Cir, Scarborough, ON M1S 3P2"
exact_match,Garfield Avenue Children's Circle,Toronto,Toronto,"1 Garfield Ave, Toronto, ON M4T 1E6",Garfield Avenue Children's Circle,Toronto,Toronto,"1 Garfield Ave, Toronto, ON M4T 1E6"
exact_match,Garrison Creek Community Day Care,Toronto,Toronto,"222 Niagara St, Toronto, ON M6J 2L3",Garrison Creek Community Day Care,Toronto,Toronto,"222 Niagara St, Toronto, ON M6J 2L3"
exact_match,George Brown - Casa Loma Child Care Centre,Toronto,Toronto,"160 Kendal Avenue, Toronto ON, M5R 1M3",George Brown - Casa Loma Child Care Centre,Toronto,Toronto,"160 Kendal Avenue, Toronto ON, M5R 1M3"
exact_match,George Brown College - Mary's Place Child Care Centre,Toronto,Toronto,"185 Queens Quay East, Toronto, ON M5A 1B6",George Brown College - Mary's Place Child Care Centre,Toronto,Toronto,"185 Queens Quay East, Toronto, ON M5A 1B6"
exact_match,George Brown - Dennis Avenue Child Care Centre,Toronto,Toronto,"17 Dennis Ave, Toronto, ON, M6N 2T7",George Brown - Dennis Avenue Child Care Centre,Toronto,Toronto,"17 Dennis Ave, Toronto, ON, M6N 2T7"
exact_match,George Brown - Elmlea,Etobicoke,Toronto,"50 Hadrian Dr., Etobicoke, ON M9W 1V4",George Brown - Elmlea,Etobicoke,Toronto,"50 Hadrian Dr., Etobicoke, ON M9W 1V4"
exact_match,George Brown - Fashion District/Ryerson Child Care Centre,Toronto,Toronto,"96 Denison Avenue, Toronto ON, M5T 1E4",George Brown - Fashion District/Ryerson Child Care Centre,Toronto,Toronto,"96 Denison Avenue, Toronto ON, M5T 1E4"
exact_match,George Brown - Nelson Mandela Child Care Centre,Toronto,Toronto,"440 Shuter Street, Toronto ON, M5A 1X6",George Brown - Nelson Mandela Child Care Centre,Toronto,Toronto,"440 Shuter Street, Toronto ON, M5A 1X6"
exact_match,George Brown - Richmond Adelaide Childcare Centre,Toronto,Toronto,"130 Adelaide Street West, Mezzanine Level, Toronto ON, M5H 3P5",George Brown - Richmond Adelaide Childcare Centre,Toronto,Toronto,"130 Adelaide Street West, Mezzanine Level, Toronto ON, M5H 3P5"
exact_match,George Brown - Rose Avenue Child Care Centre,Toronto,Toronto,"675 Ontario Street, Toronto, ON M4X 1N4",George Brown - Rose Avenue Child Care Centre,Toronto,Toronto,"675 Ontario Street, Toronto, ON M4X 1N4"
exact_match,George Webster Jr YMCA,Toronto,Toronto,"50 Chapman Avenue, Toronto, ON M4B 1C5",George Webster Jr YMCA,Toronto,Toronto,"50 Chapman Avenue, Toronto, ON M4B 1C5"
exact_match,Gerrard Early Learning Centre,Toronto,Toronto,"163 Gerrard St E, Toronto, ON M5A 2E5",Gerrard Early Learning Centre,Toronto,Toronto,"163 Gerrard St E, Toronto, ON M5A 2E5"
exact_match,Glamorgan School Age YMCA,Scarborough,Toronto,"51 Antrim Crescent, Scarborough, ON M1P 4N4",Glamorgan School Age YMCA,Scarborough,Toronto,"51 Antrim Crescent, Scarborough, ON M1P 4N4"
exact_match,Gledhill Avenue Child Care Centre,Toronto,Toronto,"2 Gledhill Ave, Toronto, ON M4C 5K6",Gledhill Avenue Child Care Centre,Toronto,Toronto,"2 Gledhill Ave, Toronto, ON M4C 5K6"
exact_match,Glen Cameron For Kids,North York,Toronto,"211 Cameron Ave, North York, ON M2N 1E8",Glen Cameron For Kids,North York,Toronto,"211 Cameron Ave, North York, ON M2N 1E8"
exact_match,"Glen Ravine Junior Public School, Extended Day Program",Scarborough,Toronto,"11 Gadsby Dr, Scarborough, ON M1K 4V4","Glen Ravine Junior Public School, Extended Day Program",Scarborough,Toronto,"11 Gadsby Dr, Scarborough, ON M1K 4V4"
exact_match,Grace Church On-The-Hill Child Care Centre,Toronto,Toronto,"300 Lonsdale Rd, Toronto, ON M4V 1X4",Grace Church On-The-Hill Child Care Centre,Toronto,Toronto,"300 Lonsdale Rd, Toronto, ON M4V 1X4"
exact_match,Grand Avenue Montessori School - 600,Etobicoke,Toronto,"600 The Queensway, Etobicoke, ON M8Y 1K1",Grand Avenue Montessori School - 600,Etobicoke,Toronto,"600 The Queensway, Etobicoke, ON M8Y 1K1"
exact_match,Grand Avenue Montessori School - 602,Etobicoke,Toronto,"602 The Queensway, Etobicoke, ON M8Y 1K1",Grand Avenue Montessori School - 602,Etobicoke,Toronto,"602 The Queensway, Etobicoke, ON M8Y 1K1"
exact_match,"Grey Owl Junior Public School, Extended Day Program",Scarborough,Toronto,"11 Gadsby Dr, Scarborough, ON M1K 4V4","Grey Owl Junior Public School, Extended Day Program",Scarborough,Toronto,"11 Gadsby Dr, Scarborough, ON M1K 4V4"
exact_match,Hawthorne-On-Essex Day Care,Toronto,Toronto,"50 Essex St, Toronto, ON M6G 1T3",Hawthorne-On-Essex Day Care,Toronto,Toronto,"50 Essex St, Toronto, ON M6G 1T3"
exact_match,Head Start Montessori,North York,Toronto,"235 Sheppard Ave E, North York, ON M2J 5B5",Head Start Montessori,North York,Toronto,"235 Sheppard Ave E, North York, ON M2J 5B5"
exact_match,Heart Beatz Child Care - Cedarbrook Site,Scarborough,Toronto,"56 Nelson St, Scarborough, ON M1J 2V6",Heart Beatz Child Care - Cedarbrook Site,Scarborough,Toronto,"56 Nelson St, Scarborough, ON M1J 2V6"
exact_match,Heart Beatz Child Care - Cliffcrest Site,Scarborough,Toronto,"2938 Eglinton Av. East, Scarborough, Ontario M1J 2E4",Heart Beatz Child Care - Cliffcrest Site,Scarborough,Toronto,"2938 Eglinton Av. East, Scarborough, Ontario M1J 2E4"
exact_match,Heart Beatz Child Care - Solaris Site,Toronto,Toronto,"141 Village Green Square, Toronto, ON. M1S 0L3",Heart Beatz Child Care - Solaris Site,Toronto,Toronto,"141 Village Green Square, Toronto, ON. M1S 0L3"
exact_match,Heart Beatz - Halbert Child Care Site,Scarborough,Toronto,"25 Halbert Place, Scarborough, ON. M1M 0E1",Heart Beatz - Halbert Child Care Site,Scarborough,Toronto,"25 Halbert Place, Scarborough, ON. M1M 0E1"
exact_match,Heath And Ferndale Child Care Program,Toronto,Toronto,"23 Ferndale Ave, Toronto, ON M4T 2B4",Heath And Ferndale Child Care Program,Toronto,Toronto,"23 Ferndale Ave, Toronto, ON M4T 2B4"
exact_match,Heritage Child Care & Early Learning Centre,Scarborough,Toronto,"44 Port Royal Trail, Scarborough, ON M1V 2G8",Heritage Child Care & Early Learning Centre,Scarborough,Toronto,"44 Port Royal Trail, Scarborough, ON M1V 2G8"
exact_match,Heritage Child Care & Early Learning - Milliken Site,Scarborough,Toronto,"130 Port Royal Trail, Toronto, ON M1V 2T4",Heritage Child Care & Early Learning - Milliken Site,Scarborough,Toronto,"130 Port Royal Trail, Toronto, ON M1V 2T4"
exact_match,Hester How Early Learning Centre,Toronto,Toronto,"100 Queen St W, Toronto, ON M5H 2N3",Hester How Early Learning Centre,Toronto,Toronto,"100 Queen St W, Toronto, ON M5H 2N3"
exact_match,High Park Early Learning Centre,Toronto,Toronto,"17 High Park Ave, Toronto, ON M6P 3K8",High Park Early Learning Centre,Toronto,Toronto,"17 High Park Ave, Toronto, ON M6P 3K8"
exact_match,High Park Jr YMCA,Toronto,Toronto,"2665 Dundas St W, Toronto, ON M6P 1Y1",High Park Jr YMCA,Toronto,Toronto,"2665 Dundas St W, Toronto, ON M6P 1Y1"
exact_match,Highview Wilson Child Care,North York,Toronto,"22 Highview Ave, North York, ON M3M1C4",Highview Wilson Child Care,North York,Toronto,"22 Highview Ave, North York, ON M3M1C4"
exact_match,Hillcrest Progressive School,North York,Toronto,"59 Plymbridge Rd, North York, ON M2P 1A2",Hillcrest Progressive School,North York,Toronto,"59 Plymbridge Rd, North York, ON M2P 1A2"
exact_match,Hillmount Child Care,North York,Toronto,"245 McNicoll Ave, North York, ON M2H 2C4",Hillmount Child Care,North York,Toronto,"245 McNicoll Ave, North York, ON M2H 2C4"
exact_match,Hilltop Daycare Centre,Scarborough,Toronto,"160 N Bonnington Ave, Scarborough, ON M1K 1Y1",Hilltop Daycare Centre,Scarborough,Toronto,"160 N Bonnington Ave, Scarborough, ON M1K 1Y1"
exact_match,Hippo Nursery School,Toronto,Toronto,"729 St Clair Ave W, Toronto, ON M6C 1B2",Hippo Nursery School,Toronto,Toronto,"729 St Clair Ave W, Toronto, ON M6C 1B2"
exact_match,Holy Spirit Jr YMCA,Scarborough,Toronto,"3530 Sheppard Avenue East, Scarborough, ON M1T 3K7",Holy Spirit Jr YMCA,Scarborough,Toronto,"3530 Sheppard Avenue East, Scarborough, ON M1T 3K7"
exact_match,Holy Trinity YMCA,Etobicoke,Toronto,"6 Colonel Samuel Smith Park Drive, Etobicoke, ON M8V 4B7",Holy Trinity YMCA,Etobicoke,Toronto,"6 Colonel Samuel Smith Park Drive, Etobicoke, ON M8V 4B7"
exact_match,Howard Park Children's Centre,Toronto,Toronto,"30 Marmaduke St, Toronto, ON M6R 1T2",Howard Park Children's Centre,Toronto,Toronto,"30 Marmaduke St, Toronto, ON M6R 1T2"
exact_match,Humber Bay Child Care Centre,Etobicoke,Toronto,"50 Cloverhill Rd, Etobicoke, ON M8Y 1T3",Humber Bay Child Care Centre,Etobicoke,Toronto,"50 Cloverhill Rd, Etobicoke, ON M8Y 1T3"
exact_match,Humber Child Development Centre,Etobicoke,Toronto,"Arboretum Blvd, Etobicoke, ON M9W 5L7",Humber Child Development Centre,Etobicoke,Toronto,"Arboretum Blvd, Etobicoke, ON M9W 5L7"
exact_match,Humbercrest School Age YMCA,Toronto,Toronto,"14 St. Mark's Road, Toronto, ON M6S 2H7",Humbercrest School Age YMCA,Toronto,Toronto,"14 St. Mark's Road, Toronto, ON M6S 2H7"
exact_match,Hunter's Glen School Age YMCA,Scarborough,Toronto,"16 Haileybury Drive, Scarborough, ON M1K 4X5",Hunter's Glen School Age YMCA,Scarborough,Toronto,"16 Haileybury Drive, Scarborough, ON M1K 4X5"
exact_match,Hurwich Education Centre - Kamin,North York,Toronto,"252 Finch Ave W, North York, ON M2R 1M9",Hurwich Education Centre - Kamin,North York,Toronto,"252 Finch Ave W, North York, ON M2R 1M9"
exact_match,Hydro Bright Lights Childcare Centre,Etobicoke,Toronto,"800 Kipling Ave, Etobicoke, ON M8Z 5G5",Hydro Bright Lights Childcare Centre,Etobicoke,Toronto,"800 Kipling Ave, Etobicoke, ON M8Z 5G5"
exact_match,Impact Childcare Centre,North York,Toronto,"4545 Jane St, North York, ON M3N 2K7",Impact Childcare Centre,North York,Toronto,"4545 Jane St, North York, ON M3N 2K7"
exact_match,Indian Road Crescent School Age YMCA,Toronto,Toronto,"285 Indian Road Crescent, Toronto, ON M6P 2G8",Indian Road Crescent School Age YMCA,Toronto,Toronto,"285 Indian Road Crescent, Toronto, ON M6P 2G8"
exact_match,Isabella Walton Child Care (Scarborough)Inc.,Scarborough,Toronto,"835 Birchmount Rd, Scarborough, ON M1K 5K1",Isabella Walton Child Care (Scarborough)Inc.,Scarborough,Toronto,"835 Birchmount Rd, Scarborough, ON M1K 5K1"
exact_match,Jackman Community Daycare,Toronto,Toronto,"79 Jackman Ave, Toronto, ON M4K 2X5",Jackman Community Daycare,Toronto,Toronto,"79 Jackman Ave, Toronto, ON M4K 2X5"
exact_match,"Jesse Ketchum Junior And Senior Public School, Extended Day Program",Toronto,Toronto,"61 Davenport Rd, Toronto ON, M5R 1H4","Jesse Ketchum Junior And Senior Public School, Extended Day Program",Toronto,Toronto,"61 Davenport Rd, Toronto ON, M5R 1H4"
exact_match,Jewish Russian Community Centre Preschool & Day Care,York Centre,Toronto,"5987 Bathurst St #3, North York, ON M2R 1Z3, Canada",Jewish Russian Community Centre Preschool & Day Care,York Centre,Toronto,"5987 Bathurst St #3, North York, ON M2R 1Z3, Canada"
exact_match,Jingbao (Downtown)Bilingual Children's Centre (96 Denison Avenue),Spadina-Fort York,Toronto,"96 Denison Ave, Toronto, ON M5T 1E4, Canada",Jingbao (Downtown)Bilingual Children's Centre (96 Denison Avenue),Spadina-Fort York,Toronto,"96 Denison Ave, Toronto, ON M5T 1E4, Canada"
exact_match,Jingbao Bilingual Children's Centre,Toronto,Toronto,"96 Denison Ave, Toronto, ON M5T 1E4",Jingbao Bilingual Children's Centre,Toronto,Toronto,"96 Denison Ave, Toronto, ON M5T 1E4"
exact_match,Jingbao Bilingual Children's Centre - Scarborough,Scarborough,Toronto,"2350 McCowan Rd, Scarborough, ON M1S 4B4",Jingbao Bilingual Children's Centre - Scarborough,Scarborough,Toronto,"2350 McCowan Rd, Scarborough, ON M1S 4B4"
exact_match,John English YMCA,Etobicoke,Toronto,"95 Mimico Avenue, Etobicoke, ON M8V 1R4",John English YMCA,Etobicoke,Toronto,"95 Mimico Avenue, Etobicoke, ON M8V 1R4"
exact_match,John G. Althouse - Princess Margaret,Toronto,Toronto,"65 Tromley Drive, Toronto, Ontario M9B 5Y7",John G. Althouse - Princess Margaret,Toronto,Toronto,"65 Tromley Drive, Toronto, Ontario M9B 5Y7"
exact_match,John Ross Robertson Child Centre,Toronto,Toronto,"130 Glengrove Ave W, Toronto, ON M4R 1P2",John Ross Robertson Child Centre,Toronto,Toronto,"130 Glengrove Ave W, Toronto, ON M4R 1P2"
exact_match,John Wanless Child Care,Toronto,Toronto,"245 Fairlawn Ave, Toronto, ON M5M 1T2",John Wanless Child Care,Toronto,Toronto,"245 Fairlawn Ave, Toronto, ON M5M 1T2"
exact_match,Junction Day Care Centre,Toronto,Toronto,"265 Annette St, Toronto, ON M6P 1R3",Junction Day Care Centre,Toronto,Toronto,"265 Annette St, Toronto, ON M6P 1R3"
exact_match,Keelmount Daycare Centre,Toronto,Toronto,"99 Mountview Av., Toronto, ON M6P 2L5",Keelmount Daycare Centre,Toronto,Toronto,"99 Mountview Av., Toronto, ON M6P 2L5"
exact_match,Kids & Company - Bloor Street Site,Toronto,Toronto,"Suite 160, 160 Bloor St E, Toronto, ON M4W 1B9",Kids & Company - Bloor Street Site,Toronto,Toronto,"Suite 160, 160 Bloor St E, Toronto, ON M4W 1B9"
exact_match,Kids & Company - Consumers Site,Toronto,Toronto,"251 Consumers Road, Suite 100, Toronto, Ontario, M2J 4R3",Kids & Company - Consumers Site,Toronto,Toronto,"251 Consumers Road, Suite 100, Toronto, Ontario, M2J 4R3"
exact_match,Kids & Company Etobicoke,Etobicoke,Toronto,"3250 Bloor St W Suite 101, Etobicoke, ON M8X 2W8",Kids & Company Etobicoke,Etobicoke,Toronto,"3250 Bloor St W Suite 101, Etobicoke, ON M8X 2W8"
exact_match,Kids & Company - Finch Site,Toronto,Toronto,"5650 Yonge Street, Suite 101, Toronto, Ontario, M2M 4G3",Kids & Company - Finch Site,Toronto,Toronto,"5650 Yonge Street, Suite 101, Toronto, Ontario, M2M 4G3"
exact_match,Kids & Company - Front Street Site,Toronto,Toronto,"320 Front St W Suite 100, Toronto, ON M5V 3B6",Kids & Company - Front Street Site,Toronto,Toronto,"320 Front St W Suite 100, Toronto, ON M5V 3B6"
exact_match,Kids & Company King And Highline,Toronto,Toronto,"1100 King St W, Toronto, ON M6K 0C6",Kids & Company King And Highline,Toronto,Toronto,"1100 King St W, Toronto, ON M6K 0C6"
exact_match,Kids & Company Ltd. - Bloor Christie,Toronto,Toronto,"703 Bloor St W, Toronto, ON M6G 1L5",Kids & Company Ltd. - Bloor Christie,Toronto,Toronto,"703 Bloor St W, Toronto, ON M6G 1L5"
exact_match,Kids & Company Queen West,Toronto,Toronto,"308 Queen St W, Toronto, ON M5V 2A4",Kids & Company Queen West,Toronto,Toronto,"308 Queen St W, Toronto, ON M5V 2A4"
exact_match,Kids & Company - Rosedale,Toronto,Toronto,"129 Mt Pleasant Rd, Toronto, ON M4W 2S3",Kids & Company - Rosedale,Toronto,Toronto,"129 Mt Pleasant Rd, Toronto, ON M4W 2S3"
exact_match,Kids & Company Scotia Plaza,Toronto,Toronto,"104 Yonge St Units 260 + 360, Toronto, ON M5C 2Y6",Kids & Company Scotia Plaza,Toronto,Toronto,"104 Yonge St Units 260 + 360, Toronto, ON M5C 2Y6"
exact_match,Kids & Company St Andrews,Toronto,Toronto,"73 Simcoe St, Toronto, ON M5J 1W9",Kids & Company St Andrews,Toronto,Toronto,"73 Simcoe St, Toronto, ON M5J 1W9"
exact_match,Kids & Company The Stockyards,York,Toronto,"100 Weston Rd, York, ON M6N 5H4",Kids & Company The Stockyards,York,Toronto,"100 Weston Rd, York, ON M6N 5H4"
exact_match,Kids Club (Day Care Connection),Toronto,Toronto,"780 Kingston Rd, Toronto, ON M4E 1R7",Kids Club (Day Care Connection),Toronto,Toronto,"780 Kingston Rd, Toronto, ON M4E 1R7"
exact_match,Kids Club Daycare & Learning Centre (OpAaa Childrens Inc.),Etobicoke,Toronto,"104 Advance Rd, Etobicoke, ON M8Z 2T7",Kids Club Daycare & Learning Centre (OpAaa Childrens Inc.),Etobicoke,Toronto,"104 Advance Rd, Etobicoke, ON M8Z 2T7"
exact_match,Kids Connect Daycare,Toronto,Toronto,"138 Main St, Toronto, ON M4E 2V8",Kids Connect Daycare,Toronto,Toronto,"138 Main St, Toronto, ON M4E 2V8"
exact_match,Kinderbrook Montessori School,North York,Toronto,"1 Credit Union Dr, North York, ON M4A 2S6",Kinderbrook Montessori School,North York,Toronto,"1 Credit Union Dr, North York, ON M4A 2S6"
exact_match,Kinder College Early Learning Centre,Toronto,Toronto,"218 Richmond St W, Toronto, ON M5V 1V6",Kinder College Early Learning Centre,Toronto,Toronto,"218 Richmond St W, Toronto, ON M5V 1V6"
exact_match,Kinder College Early Learning Centre,Toronto,Toronto,"25 Nicholas Ave, Toronto, ON M5A 0M9",Kinder College Early Learning Centre,Toronto,Toronto,"218 Richmond St W, Toronto, ON M5V 1V6"
exact_match,Knob Hill School Age YMCA,Scarborough,Toronto,"25 Seminole Avenue, Scarborough, ON M1J 1M8",Knob Hill School Age YMCA,Scarborough,Toronto,"25 Seminole Avenue, Scarborough, ON M1J 1M8"
exact_match,Lakeshore Community Child Care Centre,Etobicoke,Toronto,"99 Seventh St, Etobicoke, ON M8V 3B5",Lakeshore Community Child Care Centre,Etobicoke,Toronto,"99 Seventh St, Etobicoke, ON M8V 3B5"
exact_match,Lakeside Co-Operative Playschool Inc.,Toronto,Toronto,"2226 Queen St E, Toronto, ON M4E 1E9",Lakeside Co-Operative Playschool Inc.,Toronto,Toronto,"2226 Queen St E, Toronto, ON M4E 1E9"
exact_match,La Maison Du Dodo,York,Toronto,"582 Oakwood Ave, York, ON M6E 2X5",La Maison Du Dodo,York,Toronto,"582 Oakwood Ave, York, ON M6E 2X5"
exact_match,Lambton - Kingsway B & After School Program,Etobicoke,Toronto,"525 Prince Edward Dr N, Etobicoke, ON M8X 2M6",Lambton - Kingsway B & After School Program,Etobicoke,Toronto,"525 Prince Edward Dr N, Etobicoke, ON M8X 2M6"
exact_match,Lamp Jr YMCA,Etobicoke,Toronto,"185 Fifth St, Etobicoke, ON M8V 2Z5",Lamp Jr YMCA,Etobicoke,Toronto,"185 Fifth St, Etobicoke, ON M8V 2Z5"
exact_match,La Petite Ecole,Toronto,Toronto,"130 Kennedy Ave, Toronto, ON M6S 2X9",La Petite Ecole,Toronto,Toronto,"130 Kennedy Ave, Toronto, ON M6S 2X9"
exact_match,Learning Garden Childcare,Etobicoke,Toronto,"69 Six Point Rd, Etobicoke, ON M8Z 2X3",Learning Garden Childcare,Etobicoke,Toronto,"69 Six Point Rd, Etobicoke, ON M8Z 2X3"
exact_match,Leaside Day Care Centre,East York,Toronto,"206 Laird Dr #100, East York, ON M4G 3W4",Leaside Day Care Centre,East York,Toronto,"206 Laird Dr #100, East York, ON M4G 3W4"
exact_match,Ledbury Park Child Care Program,North York,Toronto,"95 Falkirk St, North York, ON M5M 4K1",Ledbury Park Child Care Program,North York,Toronto,"95 Falkirk St, North York, ON M5M 4K1"
exact_match,Lee Wiggins Childcare Centre (The),North York,Toronto,"Student Centre, 4700 Keele Street 201 First, North York, ON M3J 1P3",Lee Wiggins Childcare Centre (The),North York,Toronto,"Student Centre, 4700 Keele Street 201 First, North York, ON M3J 1P3"
exact_match,Lef - Vaughan Road Infant And Toddler Centre,Toronto,Toronto,"529 Vaughan Road Toronto, Ontario M6C 2R1",Lef - Vaughan Road Infant And Toddler Centre,Toronto,Toronto,"529 Vaughan Road Toronto, Ontario M6C 2R1"
exact_match,Le Jardin De Moliere Inc,Etobicoke,Toronto,"3029 Lakeshore Boulevard West, 2nd floor, Etobicoke M8V 1K5",Le Jardin De Moliere Inc,Etobicoke,Toronto,"3029 Lakeshore Boulevard West, 2nd floor, Etobicoke M8V 1K5"
exact_match,Le Petit Chaperon Rouge - Coxwell,Toronto,Toronto,"419 Coxwell Ave, Toronto, ON M4L 3B9",Le Petit Chaperon Rouge - Coxwell,Toronto,Toronto,"419 Coxwell Ave, Toronto, ON M4L 3B9"
exact_match,Le Petit Chaperon Rouge - Etobicoke (Facility #12270),Etobicoke,Toronto,"755 Royal York Rd, Etobicoke, ON M8Y 2T3",Le Petit Chaperon Rouge - Etobicoke (Facility #12270),Etobicoke,Toronto,"755 Royal York Rd, Etobicoke, ON M8Y 2T3"
exact_match,Le Petit Chaperon Rouge - Gainsborough,Toronto,Toronto,"250 Gainsborough Rd, Toronto, ON M4L 3C6",Le Petit Chaperon Rouge - Gainsborough,Toronto,Toronto,"250 Gainsborough Rd, Toronto, ON M4L 3C6"
exact_match,Le Petit Chaperon Rouge - Jones,Toronto,Toronto,"343 Jones Ave, Toronto, ON M4J 3G4",Le Petit Chaperon Rouge - Jones,Toronto,Toronto,"343 Jones Ave, Toronto, ON M4J 3G4"
exact_match,Le Petit Chaperon Rouge Milverton,Toronto,Toronto,"700 Milverton Blvd, Toronto, ON M4C 1X9",Le Petit Chaperon Rouge Milverton,Toronto,Toronto,"700 Milverton Blvd, Toronto, ON M4C 1X9"
exact_match,Le Petit Chaperon Rouge - Queensdale,East York,Toronto,"80 Queensdale Ave, East York, ON M4J 1Y3",Le Petit Chaperon Rouge - Queensdale,East York,Toronto,"80 Queensdale Ave, East York, ON M4J 1Y3"
exact_match,Le Petit Chaperon Rouge - Richview,Etobicoke,Toronto,"59 Clement Rd, Etobicoke, ON M9R 1Y5",Le Petit Chaperon Rouge - Richview,Etobicoke,Toronto,"59 Clement Rd, Etobicoke, ON M9R 1Y5"
exact_match,Le Petit Chaperon Rouge - Scarborough,Scarborough,Toronto,"29 Meadowvale Rd, Scarborough, ON M1C 1R7",Le Petit Chaperon Rouge - Scarborough,Scarborough,Toronto,"29 Meadowvale Rd, Scarborough, ON M1C 1R7"
exact_match,Leroux Froebel Bilingual School,Toronto,Toronto,"72 Main St, Toronto, ON M4E 2V7",Leroux Froebel Bilingual School,Toronto,Toronto,"72 Main St, Toronto, ON M4E 2V7"
exact_match,Les Bouts D'Choux,Toronto,Toronto,"98 Essex St, Toronto, ON M6G 1T3",Les Bouts D'Choux,Toronto,Toronto,"98 Essex St, Toronto, ON M6G 1T3"
exact_match,Les Etoiles Brillantes 2,Toronto,Toronto,"100 Ravel Rd, Toronto, ON M2H 1S9",Les Etoiles Brillantes 2,Toronto,Toronto,"100 Ravel Rd, Toronto, ON M2H 1S9"
exact_match,Les Etoiles Brillantes - Garderie,Etobicoke,Toronto,"85 Forty First St, Etobicoke, ON M8W 3P1",Les Etoiles Brillantes - Garderie,Etobicoke,Toronto,"85 Forty First St, Etobicoke, ON M8W 3P1"
exact_match,Les Merveilles Du Monde,North York,Toronto,"150 Carnforth Rd, North York, ON M4A 2H6",Les Merveilles Du Monde,North York,Toronto,"150 Carnforth Rd, North York, ON M4A 2H6"
exact_match,Life-Bridge Child Care,North York,Toronto,"17 St Patrick St, Toronto, ON M5T 1V1",Life-Bridge Child Care,North York,Toronto,"17 St Patrick St, Toronto, ON M5T 1V1"
exact_match,"Lillian Public School, Extended Day Program",North York,Toronto,"1059 Lillian St, North York, ON M2M 3G1","Lillian Public School, Extended Day Program",North York,Toronto,"1059 Lillian St, North York, ON M2M 3G1"
exact_match,Little Tots' Manor,Toronto,Toronto,"211 Belsize Dr, Toronto, ON M4S 1M3",Little Tots' Manor,Toronto,Toronto,"211 Belsize Dr, Toronto, ON M4S 1M3"
exact_match,Little Tots' Manor 2,Toronto,Toronto,"376 Balliol St, Toronto, ON M4S 1E2",Little Tots' Manor 2,Toronto,Toronto,"376 Balliol St, Toronto, ON M4S 1E2"
exact_match,Lucy Maud Montgomery Jr YMCA,Scarborough,Toronto,"95 Murison Boulevard, Scarborough, ON M1B 2L6",Lucy Maud Montgomery Jr YMCA,Scarborough,Toronto,"95 Murison Boulevard, Scarborough, ON M1B 2L6"
exact_match,Lynngate Jr YMCA,Scarborough,Toronto,"129 Cass Avenue, Scarborough, ON M1T 2B5",Lynngate Jr YMCA,Scarborough,Toronto,"129 Cass Avenue, Scarborough, ON M1T 2B5"
exact_match,Lynnwood Heights Junior Public School,Scarborough,Toronto,"50 Southlawn Dr, Scarborough, ON M1S 1J1",Lynnwood Heights Junior Public School,Scarborough,Toronto,"50 Southlawn Dr, Scarborough, ON M1S 1J1"
exact_match,Macaulay Centres For Chidren - St. Jane Frances,York,Toronto,"610 Jane St, York, ON M6S 4A6",Macaulay Centres For Chidren - St. Jane Frances,York,Toronto,"610 Jane St, York, ON M6S 4A6"
exact_match,Macaulay Child Development Centre - Dovercourt Child Care Centre,Toronto,Toronto,"228 Bartlett Avenue, Toronto, ON M6H 3G4",Macaulay Child Development Centre - Dovercourt Child Care Centre,Toronto,Toronto,"228 Bartlett Avenue, Toronto, ON M6H 3G4"
exact_match,Macaulay - Fh Miller Child Care Centre,Toronto,Toronto,"300 Caledonia Road, Toronto, ON M6E 4T5",Macaulay - Fh Miller Child Care Centre,Toronto,Toronto,"300 Caledonia Road, Toronto, ON M6E 4T5"
exact_match,Macaulay - George Syme Child Care Centre,Toronto,Toronto,"69 Pritchard Avenue, Toronto, ON M6N 1T6",Macaulay - George Syme Child Care Centre,Toronto,Toronto,"69 Pritchard Avenue, Toronto, ON M6N 1T6"
exact_match,Macaulay - Hj Alexander Child Care Centre,Toronto,Toronto,"30 King Street, Toronto, ON M9N 1K9",Macaulay - Hj Alexander Child Care Centre,Toronto,Toronto,"30 King Street, Toronto, ON M9N 1K9"
exact_match,Macaulay - Humberwood Child Care Centre,Toronto,Toronto,"850 Humberwood Boulevard, Toronto, ON M9W 7A6",Macaulay - Humberwood Child Care Centre,Toronto,Toronto,"850 Humberwood Boulevard, Toronto, ON M9W 7A6"
exact_match,Macaulay - Jane Street Child Care Centre,Toronto,Toronto,"610 Jane Street, Toronto, ON M6S 4A6",Macaulay - Jane Street Child Care Centre,Toronto,Toronto,"610 Jane Street, Toronto, ON M6S 4A6"
exact_match,Macaulay - Keelesdale Child Care Centre,Toronto,Toronto,"200 Bicknell Avenue, Toronto, ON M6M 4G9",Macaulay - Keelesdale Child Care Centre,Toronto,Toronto,"200 Bicknell Avenue, Toronto, ON M6M 4G9"
exact_match,Macaulay - Marlee Child Care Centre,Toronto,Toronto,"145 Marlee Avenue, Toronto, ON M6B 3H3",Macaulay - Marlee Child Care Centre,Toronto,Toronto,"145 Marlee Avenue, Toronto, ON M6B 3H3"
exact_match,Macaulay - Mountview Child Care Centre,Toronto,Toronto,"569 Jane Street, Toronto, ON M6S 4A3",Macaulay - Mountview Child Care Centre,Toronto,Toronto,"569 Jane Street, Toronto, ON M6S 4A3"
exact_match,Macaulay - Pelmo Park Child Care Centre,Toronto,Toronto,"180 Gary Drive, Toronto, ON M9N 2M1",Macaulay - Pelmo Park Child Care Centre,Toronto,Toronto,"180 Gary Drive, Toronto, ON M9N 2M1"
exact_match,Macaulay - Regent Street Child Care Centre,York,Toronto,"48 Regent St, York, ON M6N 3N9",Macaulay - Regent Street Child Care Centre,York,Toronto,"48 Regent St, York, ON M6N 3N9"
exact_match,Macaulay - St. Andre Child Care Centre,Toronto,Toronto,"36 Yvonne Avenue, Toronto, ON M3L 1C9",Macaulay - St. Andre Child Care Centre,Toronto,Toronto,"36 Yvonne Avenue, Toronto, ON M3L 1C9"
exact_match,Macaulay - St. John The Evangelist Child Care Centre,Toronto,Toronto,"23 George Street, Toronto, ON M9N 2B4",Macaulay - St. John The Evangelist Child Care Centre,Toronto,Toronto,"23 George Street, Toronto, ON M9N 2B4"
exact_match,Macaulay - St. Jude Child Care Centre,Toronto,Toronto,"3251 Weston Road, Toronto, ON M9M 2T9",Macaulay - St. Jude Child Care Centre,Toronto,Toronto,"3251 Weston Road, Toronto, ON M9M 2T9"
exact_match,Macaulay - St.Nicholas Of Bari Child Care Centre,Toronto,Toronto,"363 Rogers Road, Toronto, ON M6E 1R6",Macaulay - St.Nicholas Of Bari Child Care Centre,Toronto,Toronto,"363 Rogers Road, Toronto, ON M6E 1R6"
exact_match,Macaulay - St. Paul VI,Toronto,Toronto,"270 Laughton Avenue, Toronto, ON M6N 2X8",Macaulay - St. Paul VI,Toronto,Toronto,"270 Laughton Avenue, Toronto, ON M6N 2X8"
exact_match,Macaulay - St. Thomas Aquinas Child Care Centre,Toronto,Toronto,"636 Glenholme Avenue, Toronto, ON M6E 3G9",Macaulay - St. Thomas Aquinas Child Care Centre,Toronto,Toronto,"636 Glenholme Avenue, Toronto, ON M6E 3G9"
exact_match,Macaulay - Stanley Child Care Centre,Toronto,Toronto,"75 Stanley Road, Toronto, ON M3N 1C2",Macaulay - Stanley Child Care Centre,Toronto,Toronto,"75 Stanley Road, Toronto, ON M3N 1C2"
exact_match,Macaulay - The Well,Toronto,Toronto,"440 Front St W, Toronto, ON M5V 0V2",Macaulay - The Well,Toronto,Toronto,"440 Front St W, Toronto, ON M5V 0V2"
exact_match,Macaulay - Tippett Child Care Centre,Toronto,Toronto,"38 Monte Kwinter Court, Toronto, ON M3H 0E2",Macaulay - Tippett Child Care Centre,Toronto,Toronto,"38 Monte Kwinter Court, Toronto, ON M3H 0E2"
exact_match,Macaulay - Valleyfield Child Care Centre,Toronto,Toronto,"35 Saskatoon Drive, Toronto, ON M9P 2E8",Macaulay - Valleyfield Child Care Centre,Toronto,Toronto,"35 Saskatoon Drive, Toronto, ON M9P 2E8"
exact_match,Macaulay - Warren Park Child Care Centre,Toronto,Toronto,"135 Varsity Road, Toronto, ON M6S 4P4",Macaulay - Warren Park Child Care Centre,Toronto,Toronto,"135 Varsity Road, Toronto, ON M6S 4P4"
exact_match,Main Square Day Care Centre,Toronto,Toronto,"265 Main St, Toronto, ON M4C 4X3",Main Square Day Care Centre,Toronto,Toronto,"265 Main St, Toronto, ON M4C 4X3"
exact_match,Mandi Day Care,Etobicoke,Toronto,"30 Barrhead Crescent, Etobicoke, ON M9W 3Z7",Mandi Day Care,Etobicoke,Toronto,"30 Barrhead Crescent, Etobicoke, ON M9W 3Z7"
exact_match,"Market Lane Junior And Senior Public School, Extended Day Program",Toronto,Toronto,"246 The Esplanade, Toronto, ON M5A 4J6","Market Lane Junior And Senior Public School, Extended Day Program",Toronto,Toronto,"246 The Esplanade, Toronto, ON M5A 4J6"
exact_match,Martin Luther Child Care - Lakeshore,Etobicoke,Toronto,"2379 Lake Shore Blvd W, Etobicoke, ON M8V 1C3",Martin Luther Child Care - Lakeshore,Etobicoke,Toronto,"2379 Lake Shore Blvd W, Etobicoke, ON M8V 1C3"
exact_match,Martin Luther Child Care - Superior,Etobicoke,Toronto,"5 Superior Ave, Etobicoke, ON M8V 2M1",Martin Luther Child Care - Superior,Etobicoke,Toronto,"5 Superior Ave, Etobicoke, ON M8V 2M1"
exact_match,Maryvale Jr YMCA,Scarborough,Toronto,"1325 Pharmacy Ave, Scarborough, ON M1R 2J1",Maryvale Jr YMCA,Scarborough,Toronto,"1325 Pharmacy Ave, Scarborough, ON M1R 2J1"
exact_match,Mary Ward Child Care Centre,Scarborough,Toronto,"3200 Kennedy Rd, Scarborough, ON M1V 3S8",Mary Ward Child Care Centre,Scarborough,Toronto,"3200 Kennedy Rd, Scarborough, ON M1V 3S8"
exact_match,Maurice Cody Child Care,Toronto,Toronto,"364 Belsize Dr, Toronto, ON M4S 1N2",Maurice Cody Child Care,Toronto,Toronto,"364 Belsize Dr, Toronto, ON M4S 1N2"
exact_match,McGregor Jr YMCA,East York,Toronto,"555 Mortimer Ave, East York, ON M4J 2G9",McGregor Jr YMCA,East York,Toronto,"555 Mortimer Ave, East York, ON M4J 2G9"
exact_match,McMurrich Co-Operative Playschool,Toronto,Toronto,"115 Winona Dr, Toronto, ON M6G 3S8",McMurrich Co-Operative Playschool,Toronto,Toronto,"115 Winona Dr, Toronto, ON M6G 3S8"
exact_match,McMurrich Sprouts,Toronto,Toronto,"115 Winona Dr, Toronto, ON M6G 3S8",McMurrich Sprouts,Toronto,Toronto,"115 Winona Dr, Toronto, ON M6G 3S8"
exact_match,McNicoll Avenue Child Care Program,North York,Toronto,"155 McNicoll Ave, North York, ON M2H 2C1",McNicoll Avenue Child Care Program,North York,Toronto,"155 McNicoll Ave, North York, ON M2H 2C1"
exact_match,Miles Nadal Community Centre Nursery School,Toronto,Toronto,"750 Spadina Ave., Toronto, ON M5S 2J2",Miles Nadal Community Centre Nursery School,Toronto,Toronto,"750 Spadina Ave., Toronto, ON M5S 2J2"
exact_match,Millvalley Child Care Centre,Etobicoke,Toronto,"411 Mill Rd, Etobicoke, ON M9C 1Y9",Millvalley Child Care Centre,Etobicoke,Toronto,"411 Mill Rd, Etobicoke, ON M9C 1Y9"
exact_match,Millwood Jr YMCA,Toronto,Toronto,"222 Mill Road, Toronto, ON M9C 1Y2",Millwood Jr YMCA,Toronto,Toronto,"222 Mill Road, Toronto, ON M9C 1Y2"
exact_match,Momentum Montessori Regent Park Inc,Toronto,Toronto,"237 Sackville St, Toronto, ON M5A 3G1",Momentum Montessori Regent Park Inc,Toronto,Toronto,"237 Sackville St, Toronto, ON M5A 3G1"
exact_match,Monarch Manor,Toronto,Toronto,"240 Manor Rd E, Toronto, ON M4S 1R8",Monarch Manor,Toronto,Toronto,"240 Manor Rd E, Toronto, ON M4S 1R8"
exact_match,Monarch Park Montessori Inc.,Toronto,Toronto,"201 Monarch Park Ave, Toronto, ON M4J 4R9",Monarch Park Montessori Inc.,Toronto,Toronto,"201 Monarch Park Ave, Toronto, ON M4J 4R9"
exact_match,Montrose Child Care Centre Inc.,Toronto,Toronto,"301 Montrose Ave, Toronto, ON M6G 3G9",Montrose Child Care Centre Inc.,Toronto,Toronto,"301 Montrose Ave, Toronto, ON M6G 3G9"
exact_match,Morningside Children's Centre,Scarborough,Toronto,"292 Morningside Ave, Scarborough, ON M1E 3E7",Morningside Children's Centre,Scarborough,Toronto,"292 Morningside Ave, Scarborough, ON M1E 3E7"
exact_match,Morrish Jr YMCA,Scarborough,Toronto,"61 Canmore Boulevard, Scarborough, ON M1C 3T7",Morrish Jr YMCA,Scarborough,Toronto,"61 Canmore Boulevard, Scarborough, ON M1C 3T7"
exact_match,Moshava Ba'Ir Day Camp Of Toronto - Preschool,North York,Toronto,"159 Almore Avenue, North York, ON M3H 2H9",Moshava Ba'Ir Day Camp Of Toronto - Preschool,North York,Toronto,"159 Almore Avenue, North York, ON M3H 2H9"
exact_match,Munchkinz Preschool Inc. (2193117 Ontario Inc.),Etobicoke,Toronto,"Munchkinz Preschool Inc, 260 The Queensway, Etobicoke, ON M8Y 1J4",Munchkinz Preschool Inc. (2193117 Ontario Inc.),Etobicoke,Toronto,"Munchkinz Preschool Inc, 260 The Queensway, Etobicoke, ON M8Y 1J4"
exact_match,Muppets Preschool Centre (Victoria Village),North York,Toronto,"88 Sweeney Dr, North York, ON M4A 1T7",Muppets Preschool Centre (Victoria Village),North York,Toronto,"88 Sweeney Dr, North York, ON M4A 1T7"
exact_match,Muppets Too Preschool Centre,North York,Toronto,"45 Cassandra Blvd, North York, ON M3A 1S5",Muppets Too Preschool Centre,North York,Toronto,"45 Cassandra Blvd, North York, ON M3A 1S5"
exact_match,My Little School,North York,Toronto,"1492 Victoria Park Ave, North York, ON M4A 2M6",My Little School,North York,Toronto,"1492 Victoria Park Ave, North York, ON M4A 2M6"
exact_match,My School Co-Op Nursery School,Toronto,Toronto,"116 Fermanagh Ave, Toronto, ON M6R 1M2",My School Co-Op Nursery School,Toronto,Toronto,"116 Fermanagh Ave, Toronto, ON M6R 1M2"
exact_match,Narmer Montessori School,Scarborough,Toronto,"41 Glendinning Ave, Scarborough, ON M1W 3E2",Narmer Montessori School,Scarborough,Toronto,"41 Glendinning Ave, Scarborough, ON M1W 3E2"
exact_match,Netivot Hatorah - South Campus,Thornhill,Toronto,"18 Atkinson Ave, Thornhill, ON L4J 8C8",Netivot Hatorah - South Campus,Thornhill,Toronto,"18 Atkinson Ave, Thornhill, ON L4J 8C8"
exact_match,Network Bendale Acres Child Care Centre,Scarborough,Toronto,"2920 Lawrence Ave E, Scarborough, ON M1P 2T8",Network Bendale Acres Child Care Centre,Scarborough,Toronto,"2920 Lawrence Ave E, Scarborough, ON M1P 2T8"
exact_match,Norman Ingram School Age YMCA,Don Valley East,Toronto,"50 Duncairn Road, North York, ON M3B 1C8",Norman Ingram School Age YMCA,Don Valley East,Toronto,"50 Duncairn Road, North York, ON M3B 1C8"
exact_match,Norseman Jr YMCA,Etobicoke-Lakeshore,Toronto,"80 Lothian Avenue, Toronto, ON M8Z 4K5",Norseman Jr YMCA,Etobicoke-Lakeshore,Toronto,"80 Lothian Avenue, Toronto, ON M8Z 4K5"
exact_match,Norseman School Age Program (YMCA),Etobicoke-Lakeshore,Toronto,"105 Norseman Street, Etobicoke, ON M8Z 2R1",Norseman School Age Program (YMCA),Etobicoke-Lakeshore,Toronto,"105 Norseman Street, Etobicoke, ON M8Z 2R1"
exact_match,North Etobicoke Jr YMCA,Etobicoke North,Toronto,"88 Humber College Blvd, Etobicoke, ON M9V 5G3",North Etobicoke Jr YMCA,Etobicoke North,Toronto,"88 Humber College Blvd, Etobicoke, ON M9V 5G3"
exact_match,Northlea Community Child Care,Don Valley West,Toronto,"305 Rumsey Road, Toronto, ON M4G 1R4",Northlea Community Child Care,Don Valley West,Toronto,"305 Rumsey Road, Toronto, ON M4G 1R4"
exact_match,Northview Advent Child Care,York Centre,Toronto,"541 Finch Ave W, North York, ON M2R 3Y3",Northview Advent Child Care,York Centre,Toronto,"541 Finch Ave W, North York, ON M2R 3Y3"
exact_match,Northview Heights Early Learning Centre - North York,York Centre,Toronto,"550 Finch Ave W, North York, ON M2R 1N6",Northview Heights Early Learning Centre - North York,York Centre,Toronto,"550 Finch Ave W, North York, ON M2R 1N6"
exact_match,North York Jr YMCA,Don Valley North,Toronto,"567 Sheppard Avenue East, North York, ON M2K 1B2",North York Jr YMCA,Don Valley North,Toronto,"567 Sheppard Avenue East, North York, ON M2K 1B2"
exact_match,Norway School Age YMCA,Beaches-East York,Toronto,"390 Kingston Road, Toronto, ON M4L 1T9",Norway School Age YMCA,Beaches-East York,Toronto,"390 Kingston Road, Toronto, ON M4L 1T9"
exact_match,Nsheemaehn Child Care Centre,Scarborough-Rouge Park,Toronto,"1255 Military Trail, Toronto ON M1C 1A5",Nsheemaehn Child Care Centre,Scarborough-Rouge Park,Toronto,"1255 Military Trail, Toronto ON M1C 1A5"
exact_match,"O'Connor Public School, Extended Day Program",Beaches-East York,Toronto,"1665 O'Connor Dr, North York, ON, M4A 1W5","O'Connor Public School, Extended Day Program",Beaches-East York,Toronto,"1665 O'Connor Dr, North York, ON, M4A 1W5"
exact_match,Oakwood Children's House,Toronto-St. Paul's,Toronto,"115 Winona Dr, Toronto, ON M6G 3S8",Oakwood Children's House,Toronto-St. Paul's,Toronto,"115 Winona Dr, Toronto, ON M6G 3S8"
exact_match,Ola Day Care Inc.,Parkdale-High Park,Toronto,"2211 Dundas St W, Toronto, ON M6R 1X6",Ola Day Care Inc.,Parkdale-High Park,Toronto,"2211 Dundas St W, Toronto, ON M6R 1X6"
exact_match,Orchard Grove Nursery Inc,Eglington-Lawrence,Toronto,"100 Old Orchard Grove, Toronto, ON M5M 2E2",Orchard Grove Nursery Inc,Eglington-Lawrence,Toronto,"100 Old Orchard Grove, Toronto, ON M5M 2E2"
exact_match,Orde Day Care Centre (Orde Street),University-Rosedale,Toronto,"18 Orde St, Toronto, ON M5T 1N7",Orde Day Care Centre (Orde Street),University-Rosedale,Toronto,"18 Orde St, Toronto, ON M5T 1N7"
exact_match,Orde Day Care Satellite (St. Patrick Street),Spadina-Fort York,Toronto,"132 St. Patrick Street, Toronto, Ontario, M5T 1V1",Orde Day Care Satellite (St. Patrick Street),Spadina-Fort York,Toronto,"132 St. Patrick Street, Toronto, Ontario, M5T 1V1"
exact_match,Oriole Nursery School,Toronto-St. Paul's,Toronto,"1570 Yonge St, Toronto, ON M4T 1Z8",Oriole Nursery School,Toronto-St. Paul's,Toronto,"1570 Yonge St, Toronto, ON M4T 1Z8"
partial_match,Our Lady Of Fatima YMCA,Scarborough¬†Southwest,Toronto,"3176 St. Clair Avenue East, Scarborough, ON M1L 1V6",Our Lady Of Fatima YMCA,Scarborough Southwest,Toronto,"3176 St. Clair Avenue East, Scarborough, ON M1L 1V6"
exact_match,Our Lady Of Grace Jr YMCA,Scarborough North,Toronto,"121 Brimwood Boulevard, Scarborough, ON M1V 1E5",Our Lady Of Grace Jr YMCA,Scarborough North,Toronto,"121 Brimwood Boulevard, Scarborough, ON M1V 1E5"
exact_match,Our Lady Of Peace School Age Program (YMCA),Etobicoke Centre,Toronto,"70 Mattice Avenue, Etobicoke, ON M9B 1T6",Our Lady Of Peace School Age Program (YMCA),Etobicoke Centre,Toronto,"70 Mattice Avenue, Etobicoke, ON M9B 1T6"
exact_match,Our Lady Of Sorrows School Age YMCA,Etobicoke-Lakeshore,Toronto,"32 Montgomery Road, Etobicoke, ON M8X 1Z4",Our Lady Of Sorrows School Age YMCA,Etobicoke-Lakeshore,Toronto,"32 Montgomery Road, Etobicoke, ON M8X 1Z4"
exact_match,Our Lady Of Victory School Age YMCA,York South-Weston,Toronto,"70 Guestville Avenue, Toronto, ON M6N 4N3",Our Lady Of Victory School Age YMCA,York South-Weston,Toronto,"70 Guestville Avenue, Toronto, ON M6N 4N3"
exact_match,Our Lady Of Wisdom YMCA,Scarborough Centre,Toronto,"10 Japonica Road, Scarborough, ON M1R 4R7",Our Lady Of Wisdom YMCA,Scarborough Centre,Toronto,"10 Japonica Road, Scarborough, ON M1R 4R7"
exact_match,Palmerston Community Daycare,University-Rosedale,Toronto,"736 Euclid Ave, Toronto, ON M6G 2V2",Palmerston Community Daycare,University-Rosedale,Toronto,"736 Euclid Ave, Toronto, ON M6G 2V2"
exact_match,Pape Children's House,Toronto-Danforth,Toronto,"540 Jones Ave, Toronto, ON M4J 3G9",Pape Children's House,Toronto-Danforth,Toronto,"540 Jones Ave, Toronto, ON M4J 3G9"
exact_match,Parkdale Early Learning Centre - CDI - 119 Close Ave.,Parkdale-High Park,Toronto,"119 Close Ave, Toronto, ON M6K 1H6",Parkdale Early Learning Centre - CDI - 119 Close Ave.,Parkdale-High Park,Toronto,"119 Close Ave, Toronto, ON M6K 1H6"
exact_match,Park Lawn Preschool,Etobicoke-Lakeshore,Toronto,"71 Ballacaine Dr, Toronto, ON M8Y 4B6",Park Lawn Preschool,Etobicoke-Lakeshore,Toronto,"71 Ballacaine Dr, Toronto, ON M8Y 4B6"
exact_match,"Parkside Elementary School, Extended Day Program",Beaches-East York,Toronto,"401 Cedarvale Ave, East York, ON, M4C4K7","Parkside Elementary School, Extended Day Program",Beaches-East York,Toronto,"401 Cedarvale Ave, East York, ON, M4C4K7"
exact_match,Parkway Forest YMCA,Don Valley North,Toronto,"55 Forest Manor Rd., North York, ON M2J 0C2",Parkway Forest YMCA,Don Valley North,Toronto,"55 Forest Manor Rd., North York, ON M2J 0C2"
exact_match,Pauline Johnson School Age YMCA,Scarborough-Agincourt,Toronto,"35 Dunmurray Boulevard, Scarborough, ON M1T 2K2",Pauline Johnson School Age YMCA,Scarborough-Agincourt,Toronto,"35 Dunmurray Boulevard, Scarborough, ON M1T 2K2"
exact_match,Percy Williams YMCA,Scarborough North,Toronto,"35 White Heather Blvd., Scarborough, ON M1V1P6",Percy Williams YMCA,Scarborough North,Toronto,"35 White Heather Blvd., Scarborough, ON M1V1P6"
exact_match,Perth Avenue Early Learning Centre,Davenport,Toronto,"14 Ruskin Avenue, Toronto Ontario M6P 3P8",Perth Avenue Early Learning Centre,Davenport,Toronto,"14 Ruskin Avenue, Toronto Ontario M6P 3P8"
exact_match,Petitecare,Toronto-Danforth,Toronto,"1419 Gerrard St E, Toronto, ON M4L 1Z7",Petitecare,Toronto-Danforth,Toronto,"1419 Gerrard St E, Toronto, ON M4L 1Z7"
exact_match,Petite Maison Montessori,Toronto-Danforth,Toronto,"126 O'Connor Dr, East York, ON M4K 2K7",Petite Maison Montessori,Toronto-Danforth,Toronto,"126 O'Connor Dr, East York, ON M4K 2K7"
exact_match,Phoenix Montessori School Inc.,Etobicoke-Lakeshore,Toronto,"2 Station Rd, Etobicoke, ON M8V 2P9",Phoenix Montessori School Inc.,Etobicoke-Lakeshore,Toronto,"2 Station Rd, Etobicoke, ON M8V 2P9"
exact_match,Pinnacle Jr YMCA,Spadina-Fort York,Toronto,"12 Yonge Street, Toronto, ON M5V 1Z9",Pinnacle Jr YMCA,Spadina-Fort York,Toronto,"12 Yonge Street, Toronto, ON M5V 1Z9"
exact_match,Plains Road Child Care Inc.,Beaches-East York,Toronto,"520 Plains Rd, East York, ON M4C 2Z1",Plains Road Child Care Inc.,Beaches-East York,Toronto,"520 Plains Rd, East York, ON M4C 2Z1"
exact_match,Plasp All Saints Catholic School,Etobicoke Centre,Toronto,"1435 Royal York Rd, Etobicoke, ON M9P 3A7",Plasp All Saints Catholic School,Etobicoke Centre,Toronto,"1435 Royal York Rd, Etobicoke, ON M9P 3A7"
exact_match,Plasp Bennington Heights Ps,Don Valley West,Toronto,"76 Bennington Heights Dr, East York, ON M4G 2Y7",Plasp Bennington Heights Ps,Don Valley West,Toronto,"76 Bennington Heights Dr, East York, ON M4G 2Y7"
exact_match,Plasp Blessed Sacrament C.S.,Eglington-Lawrence,Toronto,"24 Bedford Park Ave, Toronto, ON M5M 1K5",Plasp Blessed Sacrament C.S.,Eglington-Lawrence,Toronto,"24 Bedford Park Ave, Toronto, ON M5M 1K5"
exact_match,Plasp Blythwood Junior Public School,Don Valley West,Toronto,"2 Strathgowan Crescent, Toronto, ON M4N 2Z5",Plasp Blythwood Junior Public School,Don Valley West,Toronto,"2 Strathgowan Crescent, Toronto, ON M4N 2Z5"
exact_match,Plasp - David Hornell Junior School,Etobicoke-Lakeshore,Toronto,"32 Victoria St, Etobicoke, ON M8V 1M6",Plasp - David Hornell Junior School,Etobicoke-Lakeshore,Toronto,"32 Victoria St, Etobicoke, ON M8V 1M6"
exact_match,Plasp Divine Mercy C.S.,Don Valley North,Toronto,"101 Van Horne Ave, North York, ON M2J 2S8",Plasp Divine Mercy C.S.,Don Valley North,Toronto,"101 Van Horne Ave, North York, ON M2J 2S8"
exact_match,Plasp Father Serra Catholic School,Etobicoke Centre,Toronto,"111 Sun Row Dr, Etobicoke, ON M9P 3J3",Plasp Father Serra Catholic School,Etobicoke Centre,Toronto,"111 Sun Row Dr, Etobicoke, ON M9P 3J3"
exact_match,Plasp Holy Angels Catholic School,Etobicoke-Lakeshore,Toronto,"65 Jutland Rd, Etobicoke, ON M8Z 2G6",Plasp Holy Angels Catholic School,Etobicoke-Lakeshore,Toronto,"65 Jutland Rd, Etobicoke, ON M8Z 2G6"
exact_match,Plasp Humber Valley Village Junior Middle School,Etobicoke Centre,Toronto,"65 Hartfield Rd, Etobicoke, ON M9A 3E1",Plasp Humber Valley Village Junior Middle School,Etobicoke Centre,Toronto,"65 Hartfield Rd, Etobicoke, ON M9A 3E1"
exact_match,Plasp Inglewood Heights Junior Public School,Scarborough-Agincourt,Toronto,"45 Dempster St, Scarborough, ON M1T 2T6",Plasp Inglewood Heights Junior Public School,Scarborough-Agincourt,Toronto,"45 Dempster St, Scarborough, ON M1T 2T6"
exact_match,Plasp Islington Junior Middle School,Etobicoke-Lakeshore,Toronto,"44 Cordova Ave, Toronto, ON M9A 2H5",Plasp Islington Junior Middle School,Etobicoke-Lakeshore,Toronto,"44 Cordova Ave, Toronto, ON M9A 2H5"
exact_match,Plasp James Culnan Catholic School,Parkdale-High Park,Toronto,"605 Willard Ave, York, ON M6S 3S1",Plasp James Culnan Catholic School,Parkdale-High Park,Toronto,"605 Willard Ave, York, ON M6S 3S1"
exact_match,Plasp James S Bell Junior Middle School,Etobicoke-Lakeshore,Toronto,"90 Thirty First St., Etobicoke M8W 3E9",Plasp James S Bell Junior Middle School,Etobicoke-Lakeshore,Toronto,"90 Thirty First St., Etobicoke M8W 3E9"
exact_match,Plasp Kingsview Village Junior School,Etobicoke North,Toronto,"1 York Rd, Etobicoke, ON M9R 3C8",Plasp Kingsview Village Junior School,Etobicoke North,Toronto,"1 York Rd, Etobicoke, ON M9R 3C8"
exact_match,Plasp Lanor Junior Middle School,Etobicoke-Lakeshore,Toronto,"450 Lanor Ave, Etobicoke, ON M8W 2S1",Plasp Lanor Junior Middle School,Etobicoke-Lakeshore,Toronto,"450 Lanor Ave, Etobicoke, ON M8W 2S1"
exact_match,Plasp Mother Cabrini Catholic School,Etobicoke Centre,Toronto,"720 Renforth Dr, Etobicoke, ON M9C 2N9",Plasp Mother Cabrini Catholic School,Etobicoke Centre,Toronto,"720 Renforth Dr, Etobicoke, ON M9C 2N9"
exact_match,Plasp Nativity Of Our Lord Catholic School,Etobicoke Centre,Toronto,"35 Saffron Crescent, Etobicoke, ON M9C 3T8",Plasp Nativity Of Our Lord Catholic School,Etobicoke Centre,Toronto,"35 Saffron Crescent, Etobicoke, ON M9C 3T8"
exact_match,Plasp North Bridlewood Junior Public School,Scarborough-Agincourt,Toronto,"50 Collingsbrook Blvd, Toronto, ON M1W 1L7",Plasp North Bridlewood Junior Public School,Scarborough-Agincourt,Toronto,"50 Collingsbrook Blvd, Toronto, ON M1W 1L7"
exact_match,Plasp Parkfield Junior School,Etobicoke North,Toronto,"31 Redgrave Dr, Etobicoke, ON M9R 3T9",Plasp Parkfield Junior School,Etobicoke North,Toronto,"31 Redgrave Dr, Etobicoke, ON M9R 3T9"
exact_match,Plasp Pauline Junior Public School,Davenport,Toronto,"100 Pauline Ave, Toronto, ON M6H 3M8",Plasp Pauline Junior Public School,Davenport,Toronto,"100 Pauline Ave, Toronto, ON M6H 3M8"
exact_match,Plasp St. Albert Catholic School,Scarborough Centre,Toronto,"1125 Midland Ave, Toronto, ON M1K 4H2",Plasp St. Albert Catholic School,Scarborough Centre,Toronto,"1125 Midland Ave, Toronto, ON M1K 4H2"
exact_match,Plasp St. Cecilia Catholic School,Parkdale-High Park,Toronto,"355 Annette St, Toronto, ON M6P 1R3",Plasp St. Cecilia Catholic School,Parkdale-High Park,Toronto,"355 Annette St, Toronto, ON M6P 1R3"
exact_match,Plasp St. Clement Catholic School,Etobicoke Centre,Toronto,"4319 Bloor St W, Etobicoke, ON M9C 2A2",Plasp St. Clement Catholic School,Etobicoke Centre,Toronto,"4319 Bloor St W, Etobicoke, ON M9C 2A2"
exact_match,Plasp St. Conrad Catholic School,York Centre,Toronto,"5 Exbury Rd, North York, ON M3M 1P6",Plasp St. Conrad Catholic School,York Centre,Toronto,"5 Exbury Rd, North York, ON M3M 1P6"
exact_match,Plasp St. Elizabeth Catholic School,Etobicoke-Lakeshore,Toronto,"5 Redcar Ave, Etobicoke, ON M9B 1J8",Plasp St. Elizabeth Catholic School,Etobicoke-Lakeshore,Toronto,"5 Redcar Ave, Etobicoke, ON M9B 1J8"
exact_match,Plasp St. Isaac Jogues Catholic School - Toronto,Don Valley East,Toronto,"1330 York Mills Rd, North York, ON M3A 1Z8",Plasp St. Isaac Jogues Catholic School - Toronto,Don Valley East,Toronto,"1330 York Mills Rd, North York, ON M3A 1Z8"
exact_match,Plasp St. Louis C.S.,Etobicoke-Lakeshore,Toronto,"11 Morgan Ave, Etobicoke, ON M8Y 2Z7",Plasp St. Louis C.S.,Etobicoke-Lakeshore,Toronto,"11 Morgan Ave, Etobicoke, ON M8Y 2Z7"
exact_match,Plasp St. Margaret C.S.,Eglington-Lawrence,Toronto,"85 Carmichael Ave, Toronto, ON M5M 2X1",Plasp St. Margaret C.S.,Eglington-Lawrence,Toronto,"85 Carmichael Ave, Toronto, ON M5M 2X1"
exact_match,Plasp St. Norbert Catholic School,York Centre,Toronto,"60 Maniza Rd, North York, ON M3K 1R6",Plasp St. Norbert Catholic School,York Centre,Toronto,"60 Maniza Rd, North York, ON M3K 1R6"
exact_match,Plasp St. Pius X Catholic School,Parkdale-High Park,Toronto,"71 Jane St, Toronto, ON M6S 3Y3",Plasp St. Pius X Catholic School,Parkdale-High Park,Toronto,"71 Jane St, Toronto, ON M6S 3Y3"
exact_match,Plasp St. Simon C.S.,Humber River-Black Creek,Toronto,"24 Strathburn Blvd, North York, ON M9M 2K3",Plasp St. Simon C.S.,Humber River-Black Creek,Toronto,"24 Strathburn Blvd, North York, ON M9M 2K3"
exact_match,Plasp Steelesview Public School,Don Valley North,Toronto,"105 Bestview Dr, North York, ON M2M 2Y1",Plasp Steelesview Public School,Don Valley North,Toronto,"105 Bestview Dr, North York, ON M2M 2Y1"
exact_match,Plasp St Eugene Catholic School,Etobicoke Centre,Toronto,"30 Westroyal Rd, Etobicoke, ON M9P 2C3",Plasp St Eugene Catholic School,Etobicoke Centre,Toronto,"30 Westroyal Rd, Etobicoke, ON M9P 2C3"
exact_match,Plasp Sts. Cosmas And Damian C.S,Eglington-Lawrence,Toronto,"111 Danesbury Ave, Toronto, ON M6B 3L3",Plasp Sts. Cosmas And Damian C.S,Eglington-Lawrence,Toronto,"111 Danesbury Ave, Toronto, ON M6B 3L3"
exact_match,Plasp Transfiguration Of Our Lord Catholic School,Etobicoke Centre,Toronto,"55 Ludstone Dr, Toronto, ON M9R 2J2",Plasp Transfiguration Of Our Lord Catholic School,Etobicoke Centre,Toronto,"55 Ludstone Dr, Toronto, ON M9R 2J2"
exact_match,Plasp Twentieth Street Junior School,Etobicoke-Lakeshore,Toronto,"3190 Lake Shore Blvd W, Etobicoke, ON M8V 1L8",Plasp Twentieth Street Junior School,Etobicoke-Lakeshore,Toronto,"3190 Lake Shore Blvd W, Etobicoke, ON M8V 1L8"
exact_match,Play And Grow Child Care Centre,Willowdale,Toronto,"227 Drewry Ave, North York, ON M2M 1E3",Play And Grow Child Care Centre,Willowdale,Toronto,"227 Drewry Ave, North York, ON M2M 1E3"
exact_match,Play Loft,Toronto-Danforth,Toronto,"583 Danforth Ave 2nd floor, Toronto, ON M4K 1P9",Play Loft,Toronto-Danforth,Toronto,"583 Danforth Ave 2nd floor, Toronto, ON M4K 1P9"
exact_match,Pleasant Child Care Of North York,Willowdale,Toronto,"288 Pleasant Ave, North York, ON M2M 1M3",Pleasant Child Care Of North York,Willowdale,Toronto,"288 Pleasant Ave, North York, ON M2M 1M3"
exact_match,Port Royal Jr YMCA,Scarborough North,Toronto,"410 Port Royal Trail, Scarborough, ON M1V 4R1",Port Royal Jr YMCA,Scarborough North,Toronto,"410 Port Royal Trail, Scarborough, ON M1V 4R1"
exact_match,Precious Blood Jr YMCA Elp,Scarborough Centre,Toronto,"1035 Pharmacy Avenue, Scarborough, ON M1R 2G8",Precious Blood Jr YMCA Elp,Scarborough Centre,Toronto,"1035 Pharmacy Avenue, Scarborough, ON M1R 2G8"
exact_match,Prosserman Jcc - Daycare And Preschool,York Centre,Toronto,"4588 Bathurst St, North York, ON M2R 3V3",Prosserman Jcc - Daycare And Preschool,York Centre,Toronto,"4588 Bathurst St, North York, ON M2R 3V3"
exact_match,Purple Tree Child Care Inc.,Don Valley West,Toronto,"384 Soudan Ave, Toronto, ON M4S 1W8",Purple Tree Child Care Inc.,Don Valley West,Toronto,"384 Soudan Ave, Toronto, ON M4S 1W8"
exact_match,Queen's Park Child Care Centre,University-Rosedale,Toronto,"7 Queen's Park Cres E, Toronto, ON M7A 1Z5",Queen's Park Child Care Centre,University-Rosedale,Toronto,"7 Queen's Park Cres E, Toronto, ON M7A 1Z5"
exact_match,Queen Street Childcare Centre,Spadina-Fort York,Toronto,"10 White Squirrel Way, Toronto, ON M6J 1H4",Queen Street Childcare Centre,Spadina-Fort York,Toronto,"10 White Squirrel Way, Toronto, ON M6J 1H4"
exact_match,Queen Victoria Child Care Centre,Parkdale-High Park,Toronto,"100 Close Ave, Toronto, ON M6K 2V3",Queen Victoria Child Care Centre,Parkdale-High Park,Toronto,"100 Close Ave, Toronto, ON M6K 2V3"
exact_match,Ranleigh Rascals,Don Valley West,Toronto,"81 Ranleigh Ave, Toronto, ON M4N 1X2",Ranleigh Rascals,Don Valley West,Toronto,"81 Ranleigh Ave, Toronto, ON M4N 1X2"
exact_match,Rawlinson B & A School Program,Davenport,Toronto,"231 Glenholme Ave, York, ON M6E 3C7",Rawlinson B & A School Program,Davenport,Toronto,"231 Glenholme Ave, York, ON M6E 3C7"
exact_match,Rec Room Child Care,Etobicoke-Lakeshore,Toronto,"255 Royal York Rd, Etobicoke, ON M8V 2V8",Rec Room Child Care,Etobicoke-Lakeshore,Toronto,"255 Royal York Rd, Etobicoke, ON M8V 2V8"
exact_match,Rec Room Child Care @mimico,Etobicoke-Lakeshore,Toronto,"46 Mimico Ave, Etobicoke, ON M8V 1R1",Rec Room Child Care @mimico,Etobicoke-Lakeshore,Toronto,"46 Mimico Ave, Etobicoke, ON M8V 1R1"
exact_match,Red Apple Day Care (Overlea),Don Valley West,Toronto,"135 Overlea Blvd, North York, ON M3C 1B3",Red Apple Day Care (Overlea),Don Valley West,Toronto,"135 Overlea Blvd, North York, ON M3C 1B3"
exact_match,Red Apple Day Care - Rouge Valley,Scarborough-Rouge Park,Toronto,8450 Sheppard Avenue East Toronto ON M1B 5R4,Red Apple Day Care - Rouge Valley,Scarborough-Rouge Park,Toronto,8450 Sheppard Avenue East Toronto ON M1B 5R4
exact_match,Red Apple Day Care - Grenoble,Don Valley East,Toronto,175 Grenoble Drive Toronto ON M3C 3E7,Red Apple Day Care - Grenoble,Don Valley East,Toronto,175 Grenoble Drive Toronto ON M3C 3E7
exact_match,Rene Gordon School Age YMCA,Don Valley East,Toronto,"20 Karen Road, Toronto, ON M3A 3L6",Rene Gordon School Age YMCA,Don Valley East,Toronto,"20 Karen Road, Toronto, ON M3A 3L6"
exact_match,Rippleton Roadsters Child Care Program,Don Valley West,Toronto,"21 Rippleton Rd, North York, ON M3B 1H4",Rippleton Roadsters Child Care Program,Don Valley West,Toronto,"21 Rippleton Rd, North York, ON M3B 1H4"
exact_match,Rippleton Roadsters Satellite Program,Don Valley West,Toronto,"1340 Leslie St, North York, ON M3C 2K9",Rippleton Roadsters Satellite Program,Don Valley West,Toronto,"1340 Leslie St, North York, ON M3C 2K9"
exact_match,Riverdale Learning Loft Inc.,Toronto-Danforth,Toronto,"433 Pape Ave, Toronto, ON M4K 3P3",Riverdale Learning Loft Inc.,Toronto-Danforth,Toronto,"433 Pape Ave, Toronto, ON M4K 3P3"
exact_match,Rolph Road Day Care,Don Valley West,Toronto,"31 Rolph Rd, East York, ON M4G 3M5",Rolph Road Day Care,Don Valley West,Toronto,"31 Rolph Rd, East York, ON M4G 3M5"
exact_match,Rolph Road - Leaside Day Care Centres (St. Anselm),Don Valley West,Toronto,"206 Laird Drive, # 100, Toronto, ON M4G 3W4",Rolph Road - Leaside Day Care Centres (St. Anselm),Don Valley West,Toronto,"206 Laird Drive, # 100, Toronto, ON M4G 3W4"
exact_match,Romero Bears Child Care Centre,York South-Weston,Toronto,"99 Humber Boulevard Toronto, ON M6N 2H4",Romero Bears Child Care Centre,York South-Weston,Toronto,"99 Humber Boulevard Toronto, ON M6N 2H4"
exact_match,Rosedale Moore Park Association/Mooredale Preschool - Coach House,University-Rosedale,Toronto,"146 Crescent Road, Toronto, ON, M4W 1V2",Rosedale Moore Park Association/Mooredale Preschool - Coach House,University-Rosedale,Toronto,"146 Crescent Road, Toronto, ON, M4W 1V2"
exact_match,Roseland Day Care Centre,York South-Weston,Toronto,"990 Jane Street,Toronto Ontario M6N 4E2",Roseland Day Care Centre,York South-Weston,Toronto,"990 Jane Street,Toronto Ontario M6N 4E2"
exact_match,Rosethorn Before And After School Program,Etobicoke Centre,Toronto,"2 Remington Drive, Toronto, ON M9A 2J1",Rosethorn Before And After School Program,Etobicoke Centre,Toronto,"2 Remington Drive, Toronto, ON M9A 2J1"
exact_match,Rouge Valley Jr YMCA,Scarborough-Rouge Park,Toronto,"30 Durnford Road, Scarborough, ON M1B 4X3",Rouge Valley Jr YMCA,Scarborough-Rouge Park,Toronto,"30 Durnford Road, Scarborough, ON M1B 4X3"
exact_match,Royal York Childcare Inc,Etobicoke-Lakeshore,Toronto,"74 Royal York Rd, Etobicoke, ON M8V 2T6",Royal York Childcare Inc,Etobicoke-Lakeshore,Toronto,"74 Royal York Rd, Etobicoke, ON M8V 2T6"
exact_match,Royal York Road School,Etobicoke-Lakeshore,Toronto,"851 Royal York Rd., Etobicoke, ON M8Y 2V3",Royal York Road School,Etobicoke-Lakeshore,Toronto,"851 Royal York Rd., Etobicoke, ON M8Y 2V3"
exact_match,Roywood Child Care North York,Don Valley East,Toronto,"11 Roywood Dr, North York, ON M3A 2C7",Roywood Child Care North York,Don Valley East,Toronto,"11 Roywood Dr, North York, ON M3A 2C7"
exact_match,Runnymede Adventure Club,Parkdale-High Park,Toronto,"357 Runnymede Rd, Toronto, ON M6S 2Y7",Runnymede Adventure Club,Parkdale-High Park,Toronto,"357 Runnymede Rd, Toronto, ON M6S 2Y7"
exact_match,Toronto Metropolitan University Early Learning Centre,Toronto Centre,Toronto,"First Floor, Kerr Hall South West corner, 40 Gould St, Toronto, ON M5B 1X8",Toronto Metropolitan University Early Learning Centre,Toronto Centre,Toronto,"First Floor, Kerr Hall South West corner, 40 Gould St, Toronto, ON M5B 1X8"
partial_match,Scarborough Day Nursery School,Scarborough¬†Southwest,Toronto,"51 Eastwood Ave, Scarborough, ON M1N 2C1",Scarborough Day Nursery School,Scarborough Southwest,Toronto,"51 Eastwood Ave, Scarborough, ON M1N 2C1"
exact_match,Scarborough Jr YMCA,Scarborough Centre,Toronto,"230 Town Centre Court, Scarborough, ON M1P 4Y7",Scarborough Jr YMCA,Scarborough Centre,Toronto,"230 Town Centre Court, Scarborough, ON M1P 4Y7"
exact_match,Scarborough Village Day Nursery 1,Scarborough-Guildwood,Toronto,"215 Markham Road, Scarborough, ON M1J 3C4",Scarborough Village Day Nursery 1,Scarborough-Guildwood,Toronto,"215 Markham Road, Scarborough, ON M1J 3C4"
exact_match,Scarborough Village Day Nursery 2,Scarborough-Guildwood,Toronto,"155 Markham Road, Scarborough, ON M1M 3A1",Scarborough Village Day Nursery 2,Scarborough-Guildwood,Toronto,"155 Markham Road, Scarborough, ON M1M 3A1"
exact_match,Score Day Camp,Eglington-Lawrence,Toronto,"2760 Bathurst St, North York, ON M6B 3A1",Score Day Camp,Eglington-Lawrence,Toronto,"2760 Bathurst St, North York, ON M6B 3A1"
exact_match,Second Street School Age YMCA,Etobicoke-Lakeshore,Toronto,"71 Second Street, Etobicoke, ON M8V 2X4",Second Street School Age YMCA,Etobicoke-Lakeshore,Toronto,"71 Second Street, Etobicoke, ON M8V 2X4"
exact_match,Secord School Age YMCA,Beaches-East York,Toronto,"91 Barrington Avenue, Toronto, ON M4C 4Y9",Secord School Age YMCA,Beaches-East York,Toronto,"91 Barrington Avenue, Toronto, ON M4C 4Y9"
exact_match,Selwyn Community Child Care Centre,Beaches-East York,Toronto,"1 Selwyn Ave, East York, ON M4B 3J9",Selwyn Community Child Care Centre,Beaches-East York,Toronto,"1 Selwyn Ave, East York, ON M4B 3J9"
exact_match,Shirley Street Jr YMCA,Davenport,Toronto,"38 Shirley Street, Toronto, ON M6K 1S9",Shirley Street Jr YMCA,Davenport,Toronto,"38 Shirley Street, Toronto, ON M6K 1S9"
exact_match,"Shoreham Public Sports And Wellness Academy, Extended Day Program",Humber River-Black Creek,Toronto,"31 Shoreham Dr, North York, ON, M3N 2S6","Shoreham Public Sports And Wellness Academy, Extended Day Program",Humber River-Black Creek,Toronto,"31 Shoreham Dr, North York, ON, M3N 2S6"
exact_match,Silver Creek Centre For Early Learning & Development,Etobicoke Centre,Toronto,"65 Hartsdale Dr, Etobicoke, ON M9R 2S8",Silver Creek Centre For Early Learning & Development,Etobicoke Centre,Toronto,"65 Hartsdale Dr, Etobicoke, ON M9R 2S8"
exact_match,Sir Samuel B Steele Jr YMCA,Scarborough-Agincourt,Toronto,"131 Huntsmill Boulevard, Scarborough, ON M1W 2Y2",Sir Samuel B Steele Jr YMCA,Scarborough-Agincourt,Toronto,"131 Huntsmill Boulevard, Scarborough, ON M1W 2Y2"
exact_match,Small World Big Dreams Child Care Centre Inc.,Scarborough Centre,Toronto,"1051 Midland Ave #1085, Scarborough, ON M1K 4G7",Small World Big Dreams Child Care Centre Inc.,Scarborough Centre,Toronto,"1051 Midland Ave #1085, Scarborough, ON M1K 4G7"
exact_match,Sprucecourt Child Care Centre,Toronto Centre,Toronto,"70 Spruce St., Toronto, ON M5A 2J1",Sprucecourt Child Care Centre,Toronto Centre,Toronto,"70 Spruce St., Toronto, ON M5A 2J1"
exact_match,St. Alban's Boys And Girls Club Preschool,University-Rosedale,Toronto,"843 Palmerston Avenue, Toronto, ON M6G 2R8",St. Alban's Boys And Girls Club Preschool,University-Rosedale,Toronto,"843 Palmerston Avenue, Toronto, ON M6G 2R8"
exact_match,St.Ambrose YMCA,Etobicoke-Lakeshore,Toronto,"20 Coules Court, Etobicoke, ON M8W 2N9",St.Ambrose YMCA,Etobicoke-Lakeshore,Toronto,"20 Coules Court, Etobicoke, ON M8W 2N9"
exact_match,St. Andrew Child Care Centre,Etobicoke North,Toronto,"2533 Kipling Ave. Etobicoke, ON, M9V 3A8",St. Andrew Child Care Centre,Etobicoke North,Toronto,"2533 Kipling Ave. Etobicoke, ON, M9V 3A8"
exact_match,St. Bernadette's Family Resource Centre,Toronto-St. Paul's,Toronto,"D'Arcy McGee School, 20 Bansley Ave, York, ON M6E 2A2",St. Bernadette's Family Resource Centre,Toronto-St. Paul's,Toronto,"D'Arcy McGee School, 20 Bansley Ave, York, ON M6E 2A2"
partial_match,St. Boniface Jr YMCA,Scarborough¬†Southwest,Toronto,"20 Markanna Drive, Scarborough, ON M1M 2J1",St. Boniface Jr YMCA,Scarborough Southwest,Toronto,"20 Markanna Drive, Scarborough, ON M1M 2J1"
exact_match,St. Clement's Early Learning School,Eglington-Lawrence,Toronto,"70 St Clements Ave, Toronto, ON M4R 1H8",St. Clement's Early Learning School,Eglington-Lawrence,Toronto,"70 St Clements Ave, Toronto, ON M4R 1H8"
exact_match,St. Columba YMCA Child Care Centre,Scarborough-Rouge Park,Toronto,"10 John Tabor Trail, Scarborough, ON M1B 1M9",St. Columba YMCA Child Care Centre,Scarborough-Rouge Park,Toronto,"10 John Tabor Trail, Scarborough, ON M1B 1M9"
exact_match,St. Edward YMCA,Willowdale,Toronto,"1 Botham Rd., North York, ON M2N 2J6",St. Edward YMCA,Willowdale,Toronto,"1 Botham Rd., North York, ON M2N 2J6"
exact_match,St. Francis de Sales YMCA Child Care Centre,Humber River-Black Creek,Toronto,"333 Firgrove Crescent, North York, ON M3N 1K9",St. Francis de Sales YMCA Child Care Centre,Humber River-Black Creek,Toronto,"333 Firgrove Crescent, North York, ON M3N 1K9"
exact_match,St. Gabriel's Jr YMCA,Willowdale,Toronto,"396 Spring Garden Avenue, North York, ON M2N 3H5",St. Gabriel's Jr YMCA,Willowdale,Toronto,"396 Spring Garden Avenue, North York, ON M2N 3H5"
exact_match,St. George's School Age Child Care Programme,Etobicoke North,Toronto,"70 Princess Anne Crescent, Etobicoke, ON M9A 2P7",St. George's School Age Child Care Programme,Etobicoke North,Toronto,"70 Princess Anne Crescent, Etobicoke, ON M9A 2P7"
exact_match,St. George Mini School Inc,Don Valley East,Toronto,"33 Mallard Rd., North York, ON M3B 1S4",St. George Mini School Inc,Don Valley East,Toronto,"33 Mallard Rd., North York, ON M3B 1S4"
exact_match,St. George Mini School Inc - Bond,Don Valley East,Toronto,"141 Bond Ave., North York, ON M3B 1M1",St. George Mini School Inc - Bond,Don Valley East,Toronto,"141 Bond Ave., North York, ON M3B 1M1"
exact_match,St. George Mini School - Mallard,Don Valley East,Toronto,"25 Mallard Rd., North York, ON M3B 1S4",St. George Mini School - Mallard,Don Valley East,Toronto,"25 Mallard Rd., North York, ON M3B 1S4"
exact_match,St. Jerome Jr YMCA,York Centre,Toronto,"111 Sharpecroft Boulevard, North York, ON M3J 1P5",St. Jerome Jr YMCA,York Centre,Toronto,"111 Sharpecroft Boulevard, North York, ON M3J 1P5"
exact_match,St. Joseph Jr YMCA,Toronto-Danforth,Toronto,"176 Leslie Street, Toronto, ON M4M 3C7",St. Joseph Jr YMCA,Toronto-Danforth,Toronto,"176 Leslie Street, Toronto, ON M4M 3C7"
exact_match,St. Lawrence Co-Operative Day Care (2 Princess Street),Spadina-Fort York,Toronto,"2 Princess St, Toronto, ON M5A 4G6",St. Lawrence Co-Operative Day Care (2 Princess Street),Spadina-Fort York,Toronto,"2 Princess St, Toronto, ON M5A 4G6"
exact_match,St. Lawrence Co-Operative Day Care School Age (230 The Esplanade),Toronto Centre,Toronto,"230 The Esplanade, Toronto, ON M5A 4J6",St. Lawrence Co-Operative Day Care School Age (230 The Esplanade),Toronto Centre,Toronto,"230 The Esplanade, Toronto, ON M5A 4J6"
exact_match,St. Lawrence Infant Toddler Centre (4 Market Street),Spadina-Fort York,Toronto,"4 Market St, Toronto, ON M5E 1M6",St. Lawrence Infant Toddler Centre (4 Market Street),Spadina-Fort York,Toronto,"4 Market St, Toronto, ON M5E 1M6"
exact_match,St. Leo's YMCA Child Care,Etobicoke-Lakeshore,Toronto,"271 Royal York Road, Toronto, ON M8V 2V8",St. Leo's YMCA Child Care,Etobicoke-Lakeshore,Toronto,"271 Royal York Road, Toronto, ON M8V 2V8"
exact_match,St. Michael And All Angels Day Care Centre,Toronto-St. Paul's,Toronto,"611 St Clair Ave W, Toronto, ON M6C 1A3",St. Michael And All Angels Day Care Centre,Toronto-St. Paul's,Toronto,"611 St Clair Ave W, Toronto, ON M6C 1A3"
exact_match,St. Monica's Satellite (Central Eglinton),Don Valley West,Toronto,"14 Broadway Avenue, Toronto, Ontario, M4P 1T4",St. Monica's Satellite (Central Eglinton),Don Valley West,Toronto,"14 Broadway Avenue, Toronto, Ontario, M4P 1T4"
exact_match,St. Nicholas Child Care Centre - Network,Scarborough-Agincourt,Toronto,"1020 McNicoll Ave, Scarborough, ON M1W 2J6",St. Nicholas Child Care Centre - Network,Scarborough-Agincourt,Toronto,"1020 McNicoll Ave, Scarborough, ON M1W 2J6"
exact_match,St. Robert School Age YMCA,York Centre,Toronto,"70 Bainbridge Avenue, Toronto, ON M3H 2K2",St. Robert School Age YMCA,York Centre,Toronto,"70 Bainbridge Avenue, Toronto, ON M3H 2K2"
exact_match,St. Rose Of Lima YMCA Child Care,Scarborough-Guildwood,Toronto,"3220 Lawrence Avenue, Scarborough, ON M1H 1A4",St. Rose Of Lima YMCA Child Care,Scarborough-Guildwood,Toronto,"3220 Lawrence Avenue, Scarborough, ON M1H 1A4"
exact_match,St. Sylvester Child Care Centre,Scarborough-Agincourt,Toronto,"260 Silver Springs Boulevard, Toronto, ON M1V 3H7",St. Sylvester Child Care Centre,Scarborough-Agincourt,Toronto,"260 Silver Springs Boulevard, Toronto, ON M1V 3H7"
exact_match,St. Timothy YMCA Child Care,Don Valley North,Toronto,"2141 Deer Run Avenue Burlington, ON L7M 4C7",St. Timothy YMCA Child Care,Don Valley North,Toronto,"2141 Deer Run Avenue Burlington, ON L7M 4C7"
exact_match,St. Wilfrid YMCA Before and After School Program,Humber River-Black Creek,Toronto,"1685 Finch Avenue West, North York, ON M3J 2G8",St. Wilfrid YMCA Before and After School Program,Humber River-Black Creek,Toronto,"1685 Finch Avenue West, North York, ON M3J 2G8"
exact_match,Sunnyside Day Care - Roncesvalles,Parkdale-High Park,Toronto,"10 High Park Blvd, Toronto, ON M6R 1M4, Canada",Sunnyside Day Care - Roncesvalles,Parkdale-High Park,Toronto,"10 High Park Blvd, Toronto, ON M6R 1M4, Canada"
exact_match,Sunnyside - Keele,Parkdale-High Park,Toronto,"236 Keele St, Toronto, ON M6P 2K3, Canada",Sunnyside - Keele,Parkdale-High Park,Toronto,"236 Keele St, Toronto, ON M6P 2K3, Canada"
partial_match,"Taylor Creek Public School, Extended Day Program",Scarborough¬†Southwest,Toronto,"644 Warden Ave, Scarborough, ON, M1L 3Z3","Taylor Creek Public School, Extended Day Program",Scarborough Southwest,Toronto,"644 Warden Ave, Scarborough, ON, M1L 3Z3"
exact_match,Teddy Bear Academy,Parkdale-High Park,Toronto,"167 High Park Ave, Toronto, ON M6P 2S3, Canada",Teddy Bear Academy,Parkdale-High Park,Toronto,"167 High Park Ave, Toronto, ON M6P 2S3, Canada"
exact_match,Temple Sinai Nursery School,Eglington-Lawrence,Toronto,"210 Wilson Ave, North York, ON M5M 3B1, Canada",Temple Sinai Nursery School,Eglington-Lawrence,Toronto,"210 Wilson Ave, North York, ON M5M 3B1, Canada"
exact_match,Tfs Canada's International School (Mildenhall Branch),Don Valley West,Toronto,"306 Lawrence Ave E, North York, ON M4N 1T7, Canada",Tfs Canada's International School (Mildenhall Branch),Don Valley West,Toronto,"306 Lawrence Ave E, North York, ON M4N 1T7, Canada"
exact_match,The Creative Preschool Of East Toronto,Toronto-Danforth,Toronto,"16 Phin Ave, Toronto, ON M4J 3T2, Canada",The Creative Preschool Of East Toronto,Toronto-Danforth,Toronto,"16 Phin Ave, Toronto, ON M4J 3T2, Canada"
exact_match,The Giles School,Don Valley East,Toronto,"80 Scarsdale Rd, North York, ON M3B 2R7, Canada",The Giles School,Don Valley East,Toronto,"80 Scarsdale Rd, North York, ON M3B 2R7, Canada"
exact_match,The Junior Academy,Don Valley West,Toronto,"2454 Bayview Ave, Toronto, ON M2L 1A6, Canada",The Junior Academy,Don Valley West,Toronto,"2454 Bayview Ave, Toronto, ON M2L 1A6, Canada"
exact_match,The Montessori Schoolhouse,Parkdale-High Park,Toronto,"290 Runnymede Rd, Toronto, ON M6S 2Y6, Canada",The Montessori Schoolhouse,Parkdale-High Park,Toronto,"290 Runnymede Rd, Toronto, ON M6S 2Y6, Canada"
exact_match,The Munchkin Manor Daycare & Early Learning Centre,Willowdale,Toronto,"1087 Lillian St, North York, ON M2M 3G1, Canada",The Munchkin Manor Daycare & Early Learning Centre,Willowdale,Toronto,"1087 Lillian St, North York, ON M2M 3G1, Canada"
exact_match,The Munchkin Manor Daycare & Early Learning Centre Inc.,Willowdale,Toronto,"1087 Lillian St, North York, ON M2M 3G1, Canada",The Munchkin Manor Daycare & Early Learning Centre Inc.,Willowdale,Toronto,"1087 Lillian St, North York, ON M2M 3G1, Canada"
exact_match,The Toronto Cheder,Willowdale,Toronto,"475 Patricia Ave, North York, ON M2R 1Y8, Canada",The Toronto Cheder,Willowdale,Toronto,"475 Patricia Ave, North York, ON M2R 1Y8, Canada"
exact_match,The Toronto Heschel School,York Centre,Toronto,"819 Sheppard Ave W, North York, ON M3H 2T3, Canada",The Toronto Heschel School,York Centre,Toronto,"819 Sheppard Ave W, North York, ON M3H 2T3, Canada"
exact_match,Time For Play Nursery School,Parkdale-High Park,Toronto,"125 Evelyn Crescent, Toronto, ON M6P 3E8, Canada",Time For Play Nursery School,Parkdale-High Park,Toronto,"125 Evelyn Crescent, Toronto, ON M6P 3E8, Canada"
exact_match,Tiny Bumblebees Childcare Inc.,Toronto-St. Paul's,Toronto,"47 Acacia Rd, Toronto, ON M4S 2K6, Canada",Tiny Bumblebees Childcare Inc.,Toronto-St. Paul's,Toronto,"47 Acacia Rd, Toronto, ON M4S 2K6, Canada"
exact_match,Tiny Explorers Academy,Parkdale-High Park,Toronto,"402 Roncesvalles Ave, Toronto, ON M6R 2M9, Canada",Tiny Explorers Academy,Parkdale-High Park,Toronto,"402 Roncesvalles Ave, Toronto, ON M6R 2M9, Canada"
exact_match,Tiny Explorers Academy Inc,Toronto-St. Paul's,Toronto,"115 Merton St, Toronto, ON M4T 1V2, Canada",Tiny Explorers Academy Inc,Toronto-St. Paul's,Toronto,"115 Merton St, Toronto, ON M4T 1V2, Canada"
exact_match,Tng Central Neighbourhood House,Toronto Centre,Toronto,"349 Ontario St, Toronto, ON M5A 2V8, Canada",Tng Central Neighbourhood House,Toronto Centre,Toronto,"349 Ontario St, Toronto, ON M5A 2V8, Canada"
exact_match,Torah Tots Childcare,York Centre,Toronto,"37 Southbourne Ave, North York, ON M3H 1A4, Canada",Torah Tots Childcare,York Centre,Toronto,"37 Southbourne Ave, North York, ON M3H 1A4, Canada"
exact_match,Torah Tots Preschool,York Centre,Toronto,"37 Southbourne Ave, North York, ON M3H 1A4, Canada",Torah Tots Preschool,York Centre,Toronto,"37 Southbourne Ave, North York, ON M3H 1A4, Canada"
exact_match,Toronto Cheder,Willowdale,Toronto,"475 Patricia Ave, North York, ON M2R 1Y8, Canada",Toronto Cheder,Willowdale,Toronto,"475 Patricia Ave, North York, ON M2R 1Y8, Canada"
exact_match,Toronto Hebrew Congregation/Holy Blossom Temple Preschool,Toronto-St. Paul's,Toronto,"1950 Bathurst St, York, ON M5P 3K9, Canada",Toronto Hebrew Congregation/Holy Blossom Temple Preschool,Toronto-St. Paul's,Toronto,"1950 Bathurst St, York, ON M5P 3K9, Canada"
exact_match,Trace Manes School (8603758 Canada Inc),Don Valley West,Toronto,"822 Millwood Rd, Toronto, ON M4G 1W4, Canada",Trace Manes School (8603758 Canada Inc),Don Valley West,Toronto,"822 Millwood Rd, Toronto, ON M4G 1W4, Canada"
exact_match,Trust Child Care Inc.,Toronto-St. Paul's,Toronto,"29 Birch Ave, Toronto, ON M4V 1E4, Canada",Trust Child Care Inc.,Toronto-St. Paul's,Toronto,"29 Birch Ave, Toronto, ON M4V 1E4, Canada"
exact_match,Ukrainian Co-Op Nursery School,Etobicoke Centre,Toronto,"516 The Kingsway, Toronto, ON M9A 3W6, Canada",Ukrainian Co-Op Nursery School,Etobicoke Centre,Toronto,"516 The Kingsway, Toronto, ON M9A 3W6, Canada"
exact_match,University City Jr YMCA,Humber River-Black Creek,Toronto,"453 Sentinel Rd, North York, ON M3J 1V5, Canada",University City Jr YMCA,Humber River-Black Creek,Toronto,"453 Sentinel Rd, North York, ON M3J 1V5, Canada"
exact_match,Viva Kids Academy,Eglington-Lawrence,Toronto,"3420 Yonge St, Toronto, ON M4N 2M8, Canada",Viva Kids Academy,Eglington-Lawrence,Toronto,"3420 Yonge St, Toronto, ON M4N 2M8, Canada"
exact_match,Waldorf Academy Childcare Centre,Toronto-St. Paul's,Toronto,"250 Madison Ave, Toronto, ON M4V 2W6, Canada",Waldorf Academy Childcare Centre,Toronto-St. Paul's,Toronto,"250 Madison Ave, Toronto, ON M4V 2W6, Canada"
exact_match,Waldorf Academy Childcare Centre-Madison,Toronto-St. Paul's,Toronto,"250 Madison Ave, Toronto, ON M4V 2W6, Canada",Waldorf Academy Childcare Centre-Madison,Toronto-St. Paul's,Toronto,"250 Madison Ave, Toronto, ON M4V 2W6, Canada"
exact_match,Waterclub Jr YMCA,Spadina-Fort York,Toronto,"208 Queens Quay W, Toronto, ON M5J 2Y5, Canada",Waterclub Jr YMCA,Spadina-Fort York,Toronto,"208 Queens Quay W, Toronto, ON M5J 2Y5, Canada"
exact_match,Wedgewood School Age YMCA,Etobicoke Centre,Toronto,"5 Swan Ave, Etobicoke, ON M9B 1V1, Canada",Wedgewood School Age YMCA,Etobicoke Centre,Toronto,"5 Swan Ave, Etobicoke, ON M9B 1V1, Canada"
exact_match,Wee Leprechauns Child Care Centre Ltd,Don Valley East,Toronto,"235 The Donway E, North York, ON M3B 2Y8, Canada",Wee Leprechauns Child Care Centre Ltd,Don Valley East,Toronto,"235 The Donway E, North York, ON M3B 2Y8, Canada"
exact_match,Wellesworth School Age YMCA,Etobicoke Centre,Toronto,"225 Wellesworth Dr, Etobicoke, ON M9C 4S5, Canada",Wellesworth School Age YMCA,Etobicoke Centre,Toronto,"225 Wellesworth Dr, Etobicoke, ON M9C 4S5, Canada"
exact_match,West End Jr YMCA,Davenport,Toronto,"931 College St, Toronto, ON M6H 1A1, Canada",West End Jr YMCA,Davenport,Toronto,"931 College St, Toronto, ON M6H 1A1, Canada"
exact_match,West Hill Centre For Early Learning (Centres For Early Learning Inc.),Scarborough-Guildwood,Toronto,"4010 Lawrence Ave E, Scarborough, ON M1E 2R3, Canada",West Hill Centre For Early Learning (Centres For Early Learning Inc.),Scarborough-Guildwood,Toronto,"4010 Lawrence Ave E, Scarborough, ON M1E 2R3, Canada"
exact_match,"Westmount Junior School, Extended Day Program",Etobicoke Centre,Toronto,"95 Chapman Road, Etobicoke, ON M9P 1E9","Westmount Junior School, Extended Day Program",Etobicoke Centre,Toronto,"95 Chapman Road, Etobicoke, ON M9P 1E9"
exact_match,Weston Memorial B & A School Program,York South-Weston,Toronto,"200 John St, York, ON M9N 1K2, Canada",Weston Memorial B & A School Program,York South-Weston,Toronto,"200 John St, York, ON M9N 1K2, Canada"
exact_match,Westside Montessori School,University-Rosedale,Toronto,"95 Bellevue Avenue, 57 Sylvan Ave, Toronto, ON M5T 2N8, Canada",Westside Montessori School,University-Rosedale,Toronto,"95 Bellevue Avenue, 57 Sylvan Ave, Toronto, ON M5T 2N8, Canada"
exact_match,Westside Montessori School,Davenport,Toronto,"95 Bellevue Avenue, 57 Sylvan Ave, Toronto, ON M5T 2N8, Canada",Westside Montessori School,Davenport,Toronto,"95 Bellevue Avenue, 57 Sylvan Ave, Toronto, ON M5T 2N8, Canada"
exact_match,Weybourne School,Don Valley West,Toronto,"54 Lawrence Ave E, Toronto, ON M4N 1S3, Canada",Weybourne School,Don Valley West,Toronto,"54 Lawrence Ave E, Toronto, ON M4N 1S3, Canada"
exact_match,William Burgess Jr YMCA,Toronto-Danforth,Toronto,"100 Torrens Ave, East York, ON M4J 2P6, Canada",William Burgess Jr YMCA,Toronto-Danforth,Toronto,"100 Torrens Ave, East York, ON M4J 2P6, Canada"
exact_match,William G. Miller School Age YMCA,Scarborough-Rouge Park,Toronto,"60 Bennett Rd, Scarborough, ON M1E 3Y3, Canada",William G. Miller School Age YMCA,Scarborough-Rouge Park,Toronto,"60 Bennett Rd, Scarborough, ON M1E 3Y3, Canada"
exact_match,"Willow Park Junior Public School, Extended Day Program",Scarborough-Guildwood,Toronto,"45 Windover Dr, Scarborough, ON M1G 1P1","Willow Park Junior Public School, Extended Day Program",Scarborough-Guildwood,Toronto,"45 Windover Dr, Scarborough, ON M1G 1P1"
exact_match,Winchester Site Day Care (Central Neighbourhood House),Toronto Centre,Toronto,"15 Prospect St, Toronto, ON M4X 1C7, Canada",Winchester Site Day Care (Central Neighbourhood House),Toronto Centre,Toronto,"15 Prospect St, Toronto, ON M4X 1C7, Canada"
exact_match,Windermere Early Learning Centre,Parkdale-High Park,Toronto,"103 The Queensway, Toronto, ON M6S 5B4, Canada",Windermere Early Learning Centre,Parkdale-High Park,Toronto,"103 The Queensway, Toronto, ON M6S 5B4, Canada"
exact_match,Windermere Kids Inc.,Parkdale-High Park,Toronto,"356 Windermere Ave, Toronto, ON M6S 3L3, Canada",Windermere Kids Inc.,Parkdale-High Park,Toronto,"356 Windermere Ave, Toronto, ON M6S 3L3, Canada"
exact_match,Withrow Child Care Centre,Toronto-Danforth,Toronto,"25 Bain Ave, Toronto, ON M4K 1E5, Canada",Withrow Child Care Centre,Toronto-Danforth,Toronto,"25 Bain Ave, Toronto, ON M4K 1E5, Canada"
partial_match,Woodland Nursery School (Warden Woods Community Centre),Scarborough¬†Southwest,Toronto,"1 Firvalley Ct, Scarborough, ON M1L 1N8",Woodland Nursery School (Warden Woods Community Centre),Scarborough Southwest,Toronto,Not Found
exact_match,YMCA Child Development Centre (YMCA),Toronto Centre,Toronto,"15 Breadalbane St, Toronto, ON M4Y 1C2, Canada",YMCA Child Development Centre (YMCA),Toronto Centre,Toronto,"15 Breadalbane St, Toronto, ON M4Y 1C2, Canada"
exact_match,YMCA Of Greater Toronto - St Augustine,Humber River-Black Creek,Toronto,"98 Shoreham Dr, North York, ON M3N 1S9, Canada",YMCA Of Greater Toronto - St Augustine,Humber River-Black Creek,Toronto,"98 Shoreham Dr, North York, ON M3N 1S9, Canada"
exact_match,Young Talents Academy,Don Valley North,Toronto,"2255 Sheppard Ave E Suite 100, North York, ON M2J 4Y1, Canada",Young Talents Academy,Don Valley North,Toronto,"2255 Sheppard Ave E Suite 100, North York, ON M2J 4Y1, Canada"